t_epoch,topic,value
1786391888.090564,/costmap_app/stop_active,False
1786391888.188179,/costmap_app/stop_active,False
1786391888.216874,/cmd_vel,0.0000
1786391888.267632,/cmd_vel,0.0000
1786391888.289141,/costmap_app/stop_active,False
1786391888.314177,/cmd_vel,0.0000
1786391888.364174,/cmd_vel,0.0000
1786391888.388628,/costmap_app/stop_active,False
1786391888.418588,/cmd_vel,0.0000
1786391888.466910,/cmd_vel,0.0000
1786391888.495211,/costmap_app/stop_active,False
1786391888.514197,/cmd_vel,0.0000
1786391888.564150,/cmd_vel,0.0000
1786391888.589448,/costmap_app/stop_active,False
1786391888.617387,/cmd_vel,0.0000
1786391888.666217,/cmd_vel,0.0000
1786391888.692529,/costmap_app/stop_active,False
1786391888.714828,/cmd_vel,0.0000
1786391888.768311,/cmd_vel,0.0000
1786391888.789233,/costmap_app/stop_active,False
1786391888.815390,/cmd_vel,0.0000
1786391888.866191,/cmd_vel,0.0000
1786391888.892066,/costmap_app/stop_active,False
1786391888.915616,/cmd_vel,0.0000
1786391888.965722,/cmd_vel,0.0000
1786391888.992699,/costmap_app/stop_active,False
1786391889.015505,/cmd_vel,0.0000
1786391889.064297,/costmap_app/obstacle_detected,False
1786391889.065198,/cmd_vel,0.0000
1786391889.091180,/costmap_app/stop_active,False
1786391889.107558,monitor_status,CLEAR|window_clear|FUSION_ACTIVE|depth_age=0.020
1786391889.114834,/cmd_vel,0.0000
1786391889.165766,/cmd_vel,0.0000
1786391889.188222,/costmap_app/stop_active,False
1786391889.216282,/cmd_vel,0.0000
1786391889.261342,/costmap_app/obstacle_detected,False
1786391889.265739,/cmd_vel,0.0000
1786391889.287884,/costmap_app/stop_active,False
1786391889.314010,monitor_status,CLEAR|window_clear|FUSION_ACTIVE|depth_age=0.005
1786391889.314941,/cmd_vel,0.0000
1786391889.366136,/cmd_vel,0.0000
1786391889.390228,/costmap_app/stop_active,False
1786391889.425694,/cmd_vel,0.0000
1786391889.425717,/costmap_app/obstacle_detected,False
1786391889.470192,/cmd_vel,0.0000
1786391889.494906,/costmap_app/stop_active,False
1786391889.516893,/cmd_vel,0.0000
1786391889.523169,monitor_status,CLEAR|window_clear|FUSION_ACTIVE|depth_age=0.016
1786391889.523195,/costmap_app/obstacle_detected,False
1786391889.577353,/cmd_vel,0.0000
1786391889.598052,/costmap_app/stop_active,False
1786391889.623693,/cmd_vel,0.0000
1786391889.675109,/cmd_vel,0.0000
1786391889.689924,/costmap_app/stop_active,False
1786391889.712855,monitor_status,CLEAR|window_clear|FUSION_ACTIVE|depth_age=0.090
1786391889.719027,/cmd_vel,0.0000
1786391889.769921,/cmd_vel,0.0000
1786391889.769976,/costmap_app/obstacle_detected,False
1786391889.790183,/costmap_app/stop_active,False
1786391889.815576,/cmd_vel,0.0000
1786391889.870239,/cmd_vel,0.0000
1786391889.871377,/costmap_app/obstacle_detected,False
1786391889.890520,/costmap_app/stop_active,False
1786391889.910299,monitor_status,CLEAR|window_clear|FUSION_ACTIVE|depth_age=0.037
1786391889.923028,/cmd_vel,0.0000
1786391889.968611,/cmd_vel,0.0000
1786391889.989765,/costmap_app/stop_active,False
1786391890.016174,/cmd_vel,0.0000
1786391890.067157,/cmd_vel,0.0000
1786391890.090823,/costmap_app/stop_active,False
1786391890.439261,/cmd_vel,0.0000
1786391890.439318,/costmap_app/obstacle_detected,False
1786391890.439366,/cmd_vel,0.0000
1786391890.439372,/costmap_app/stop_active,False
1786391890.439382,monitor_status,CLEAR|window_clear|FUSION_ACTIVE|depth_age=0.063
1786391890.439752,/cmd_vel,0.0000
1786391890.439810,/cmd_vel,0.0000
1786391890.439816,/costmap_app/stop_active,False
1786391890.439828,monitor_status,CLEAR|window_clear|FUSION_ACTIVE|depth_age=0.070
1786391890.439835,/costmap_app/obstacle_detected,False
1786391890.439855,/cmd_vel,0.0000
1786391890.439860,/costmap_app/stop_active,False
1786391890.439864,/costmap_app/obstacle_detected,False
1786391890.439878,/cmd_vel,0.0000
1786391890.439892,/cmd_vel,0.0000
1786391890.466475,/cmd_vel,0.0000
1786391890.483202,/costmap_app/obstacle_detected,False
1786391890.495325,/costmap_app/stop_active,False
1786391890.520543,/cmd_vel,0.0000
1786391890.524927,monitor_status,CLEAR|window_clear|FUSION_ACTIVE|depth_age=0.009
1786391890.582131,/cmd_vel,0.0000
1786391890.591159,/costmap_app/stop_active,False
1786391890.621042,/cmd_vel,0.0000
1786391890.670089,/cmd_vel,0.0000
1786391890.687890,/costmap_app/stop_active,False
1786391890.711442,/costmap_app/obstacle_detected,False
1786391890.714815,/cmd_vel,0.0000
1786391890.716500,monitor_status,CLEAR|window_clear|FUSION_ACTIVE|depth_age=0.015
1786391890.765038,/cmd_vel,0.0000
1786391890.788099,/costmap_app/stop_active,False
1786391890.814278,/cmd_vel,0.0000
1786391890.864401,/cmd_vel,0.0000
1786391890.888818,/costmap_app/stop_active,False
1786391890.908587,/costmap_app/obstacle_detected,False
1786391890.909111,monitor_status,CLEAR|window_clear|FUSION_ACTIVE|depth_age=0.013
1786391890.914288,/cmd_vel,0.0000
1786391890.965102,/cmd_vel,0.0000
1786391890.990088,/costmap_app/stop_active,False
1786391891.014614,/cmd_vel,0.0000
1786391891.064446,/cmd_vel,0.0000
1786391891.089383,/costmap_app/stop_active,False
1786391891.108393,/costmap_app/obstacle_detected,False
1786391891.108944,monitor_status,CLEAR|window_clear|FUSION_ACTIVE|depth_age=0.022
1786391891.114374,/cmd_vel,0.0000
1786391891.167087,/cmd_vel,0.0000
1786391891.191685,/costmap_app/stop_active,False
1786391891.214532,/cmd_vel,0.0000
1786391891.265085,/costmap_app/obstacle_detected,False
1786391891.270175,/cmd_vel,0.0000
1786391891.290876,/costmap_app/stop_active,False
1786391891.307504,monitor_status,CLEAR|window_clear|FUSION_ACTIVE|depth_age=0.021
1786391891.314209,/cmd_vel,0.0000
1786391891.364815,/cmd_vel,0.0000
1786391891.397001,/costmap_app/stop_active,False
1786391891.414555,/cmd_vel,0.0000
1786391891.464176,/costmap_app/obstacle_detected,False
1786391891.465252,/cmd_vel,0.0000
1786391891.494869,/costmap_app/stop_active,False
1786391891.508753,monitor_status,CLEAR|window_clear|FUSION_ACTIVE|depth_age=0.014
1786391891.515380,/cmd_vel,0.0000
1786391891.565511,/cmd_vel,0.0000
1786391891.590543,/costmap_app/stop_active,False
1786391891.619298,/cmd_vel,0.0000
1786391891.666111,/cmd_vel,0.0000
1786391891.687887,/costmap_app/stop_active,False
1786391891.709834,/costmap_app/obstacle_detected,False
1786391891.711012,monitor_status,CLEAR|window_clear|FUSION_ACTIVE|depth_age=0.032
1786391891.714734,/cmd_vel,0.0000
1786391891.765236,/cmd_vel,0.0000
1786391891.788086,/costmap_app/stop_active,False
1786391891.814110,/costmap_app/obstacle_detected,False
1786391891.814739,/cmd_vel,0.0000
1786391891.865000,/cmd_vel,0.0000
1786391891.891260,/costmap_app/stop_active,False
1786391891.911114,monitor_status,CLEAR|window_clear|FUSION_ACTIVE|depth_age=0.027
1786391891.914666,/cmd_vel,0.0000
1786391891.964684,/cmd_vel,0.0000
1786391891.988180,/costmap_app/stop_active,False
1786391892.018610,/cmd_vel,0.0000
1786391892.018665,/costmap_app/obstacle_detected,False
1786391892.063650,/costmap_app/obstacle_detected,False
1786391892.064647,/cmd_vel,0.0000
1786391892.088910,/costmap_app/stop_active,False
1786391892.107983,monitor_status,CLEAR|window_clear|FUSION_ACTIVE|depth_age=0.024
1786391892.114212,/cmd_vel,0.0000
1786391892.164232,/cmd_vel,0.0000
1786391892.187996,/costmap_app/stop_active,False
1786391892.214532,/cmd_vel,0.0000
1786391892.261839,/costmap_app/obstacle_detected,False
1786391892.265553,/cmd_vel,0.0000
1786391892.292434,/costmap_app/stop_active,False
1786391892.307504,monitor_status,CLEAR|window_clear|FUSION_ACTIVE|depth_age=0.014
1786391892.314224,/cmd_vel,0.0000
1786391892.364478,/cmd_vel,0.0000
1786391892.371627,/costmap_app/obstacle_detected,False
1786391892.392078,/costmap_app/stop_active,False
1786391892.414834,/cmd_vel,0.0000
1786391892.466662,/cmd_vel,0.0000
1786391892.489464,/costmap_app/stop_active,False
1786391892.511761,/costmap_app/obstacle_detected,False
1786391892.512036,monitor_status,CLEAR|window_clear|FUSION_ACTIVE|depth_age=0.028
1786391892.514623,/cmd_vel,0.0000
1786391892.564248,/cmd_vel,0.0000
1786391892.570397,/costmap_app/obstacle_detected,False
1786391892.588817,/costmap_app/stop_active,False
1786391892.614536,/cmd_vel,0.0000
1786391892.669258,/cmd_vel,0.0000
1786391892.688131,/costmap_app/stop_active,False
1786391892.710600,monitor_status,CLEAR|window_clear|FUSION_ACTIVE|depth_age=0.018
1786391892.714264,/cmd_vel,0.0000
1786391892.762804,/costmap_app/obstacle_detected,False
1786391892.766074,/cmd_vel,0.0000
1786391892.787964,/costmap_app/stop_active,False
1786391892.815728,/cmd_vel,0.0000
1786391892.865028,/cmd_vel,0.0000
1786391892.890575,/costmap_app/stop_active,False
1786391892.907638,monitor_status,CLEAR|window_clear|FUSION_ACTIVE|depth_age=0.033
1786391892.915452,/cmd_vel,0.0000
1786391892.958988,/costmap_app/obstacle_detected,False
1786391892.965105,/cmd_vel,0.0000
1786391892.989189,/costmap_app/stop_active,False
1786391893.014636,/cmd_vel,0.0000
1786391893.065377,/cmd_vel,0.0000
1786391893.092412,/costmap_app/stop_active,False
1786391893.107653,monitor_status,CLEAR|window_clear|FUSION_ACTIVE|depth_age=0.031
1786391893.114582,/cmd_vel,0.0000
1786391893.160484,/costmap_app/obstacle_detected,False
1786391893.164630,/cmd_vel,0.0000
1786391893.189477,/costmap_app/stop_active,False
1786391893.214348,/cmd_vel,0.0000
1786391893.264360,/cmd_vel,0.0000
1786391893.290714,/costmap_app/stop_active,False
1786391893.307490,monitor_status,CLEAR|window_clear|FUSION_ACTIVE|depth_age=0.032
1786391893.314578,/cmd_vel,0.0000
1786391893.358681,/costmap_app/obstacle_detected,False
1786391893.365389,/cmd_vel,0.0000
1786391893.388111,/costmap_app/stop_active,False
1786391893.417398,/cmd_vel,0.0000
1786391893.464889,/cmd_vel,0.0000
1786391893.488863,/costmap_app/stop_active,False
1786391893.507456,monitor_status,CLEAR|window_clear|FUSION_ACTIVE|depth_age=0.026
1786391893.514665,/cmd_vel,0.0000
1786391893.558088,/costmap_app/obstacle_detected,False
1786391893.565263,/cmd_vel,0.0000
1786391893.589030,/costmap_app/stop_active,False
1786391893.615364,/cmd_vel,0.0000
1786391893.664283,/cmd_vel,0.0000
1786391893.688200,/costmap_app/stop_active,False
1786391893.707874,monitor_status,CLEAR|window_clear|FUSION_ACTIVE|depth_age=0.030
1786391893.717272,/cmd_vel,0.0000
1786391893.758142,/costmap_app/obstacle_detected,False
1786391893.764343,/cmd_vel,0.0000
1786391893.788678,/costmap_app/stop_active,False
1786391893.814319,/cmd_vel,0.0000
1786391893.864214,/cmd_vel,0.0000
1786391893.889128,/costmap_app/stop_active,False
1786391893.910665,monitor_status,CLEAR|window_clear|FUSION_ACTIVE|depth_age=0.026
1786391893.914131,/cmd_vel,0.0000
1786391893.958348,/costmap_app/obstacle_detected,False
1786391893.964839,/cmd_vel,0.0000
1786391893.987961,/costmap_app/stop_active,False
1786391894.014186,/cmd_vel,0.0000
1786391894.064269,/cmd_vel,0.0000
1786391894.088394,/costmap_app/stop_active,False
1786391894.108312,monitor_status,CLEAR|window_clear|FUSION_ACTIVE|depth_age=0.021
1786391894.117020,/cmd_vel,0.0000
1786391894.161190,/costmap_app/obstacle_detected,False
1786391894.164787,/cmd_vel,0.0000
1786391894.189487,/costmap_app/stop_active,False
1786391894.217150,/cmd_vel,0.0000
1786391894.265651,/cmd_vel,0.0000
1786391894.289353,/costmap_app/stop_active,False
1786391894.307539,monitor_status,CLEAR|window_clear|FUSION_ACTIVE|depth_age=0.030
1786391894.319512,/cmd_vel,0.0000
1786391894.360881,/costmap_app/obstacle_detected,False
1786391894.364706,/cmd_vel,0.0000
1786391894.389160,/costmap_app/stop_active,False
1786391894.414995,/cmd_vel,0.0000
1786391894.465984,/cmd_vel,0.0000
1786391894.488638,/costmap_app/stop_active,False
1786391894.511574,monitor_status,CLEAR|window_clear|FUSION_ACTIVE|depth_age=0.030
1786391894.514765,/cmd_vel,0.0000
1786391894.558792,/costmap_app/obstacle_detected,False
1786391894.564185,/cmd_vel,0.0000
1786391894.589827,/costmap_app/stop_active,False
1786391894.614936,/cmd_vel,0.0000
1786391894.665713,/cmd_vel,0.0000
1786391894.689546,/costmap_app/stop_active,False
1786391894.707832,monitor_status,CLEAR|window_clear|FUSION_ACTIVE|depth_age=0.025
1786391894.715368,/cmd_vel,0.0000
1786391894.759976,/costmap_app/obstacle_detected,False
1786391894.766739,/cmd_vel,0.0000
1786391894.787817,/costmap_app/stop_active,False
1786391894.815428,/cmd_vel,0.0000
1786391894.866318,/cmd_vel,0.0000
1786391894.889864,/costmap_app/stop_active,False
1786391894.907974,monitor_status,CLEAR|window_clear|FUSION_ACTIVE|depth_age=0.018
1786391894.914969,/cmd_vel,0.0000
1786391894.965069,/cmd_vel,0.0000
1786391894.988308,/costmap_app/stop_active,False
1786391895.010203,/costmap_app/obstacle_detected,False
1786391895.015890,/cmd_vel,0.0000
1786391895.064934,/cmd_vel,0.0000
1786391895.087704,/costmap_app/stop_active,False
1786391895.107499,monitor_status,CLEAR|window_clear|FUSION_ACTIVE|depth_age=0.012
1786391895.114162,/cmd_vel,0.0000
1786391895.165237,/cmd_vel,0.0000
1786391895.188711,/costmap_app/stop_active,False
1786391895.210620,/costmap_app/obstacle_detected,False
1786391895.214539,/cmd_vel,0.0000
1786391895.264986,/cmd_vel,0.0000
1786391895.289328,/costmap_app/stop_active,False
1786391895.307479,monitor_status,CLEAR|window_clear|FUSION_ACTIVE|depth_age=0.012
1786391895.314230,/cmd_vel,0.0000
1786391895.362830,/costmap_app/obstacle_detected,False
1786391895.366820,/cmd_vel,0.0000
1786391895.387769,/costmap_app/stop_active,False
1786391895.414983,/cmd_vel,0.0000
1786391895.457983,/costmap_app/obstacle_detected,False
1786391895.464234,/cmd_vel,0.0000
1786391895.488457,/costmap_app/stop_active,False
1786391895.508388,monitor_status,CLEAR|window_clear|FUSION_ACTIVE|depth_age=0.007
1786391895.514541,/cmd_vel,0.0000
1786391895.565824,/cmd_vel,0.0000
1786391895.588341,/costmap_app/stop_active,False
1786391895.614838,/cmd_vel,0.0000
1786391895.658535,/costmap_app/obstacle_detected,False
1786391895.664865,/cmd_vel,0.0000
1786391895.689929,/costmap_app/stop_active,False
1786391895.708252,monitor_status,CLEAR|window_clear|FUSION_ACTIVE|depth_age=0.005
1786391895.714646,/cmd_vel,0.0000
1786391895.767173,/cmd_vel,0.0000
1786391895.788270,/costmap_app/stop_active,False
1786391895.815023,/cmd_vel,0.0000
1786391895.858085,/costmap_app/obstacle_detected,False
1786391895.864195,/cmd_vel,0.0000
1786391895.889388,/costmap_app/stop_active,False
1786391895.910232,monitor_status,CLEAR|window_clear|FUSION_ACTIVE|depth_age=0.005
1786391895.915033,/cmd_vel,0.0000
1786391895.964928,/cmd_vel,0.0000
1786391895.987878,/costmap_app/stop_active,False
1786391896.016682,/cmd_vel,0.0000
1786391896.057961,/costmap_app/obstacle_detected,False
1786391896.065008,/cmd_vel,0.0000
1786391896.091558,/costmap_app/stop_active,False
1786391896.112173,monitor_status,CLEAR|window_clear|FUSION_ACTIVE|depth_age=0.064
1786391896.117804,/cmd_vel,0.0000
1786391896.165680,/cmd_vel,0.0000
1786391896.187838,/costmap_app/stop_active,False
1786391896.215795,/cmd_vel,0.0000
1786391896.257978,/costmap_app/obstacle_detected,False
1786391896.264174,/cmd_vel,0.0000
1786391896.289616,/costmap_app/stop_active,False
1786391896.307629,monitor_status,CLEAR|window_clear|FUSION_ACTIVE|depth_age=0.068
1786391896.314608,/cmd_vel,0.0000
1786391896.364299,/cmd_vel,0.0000
1786391896.398717,/costmap_app/stop_active,False
1786391896.414255,/cmd_vel,0.0000
1786391896.464608,/cmd_vel,0.0000
1786391896.489512,/costmap_app/stop_active,False
1786391896.509803,monitor_status,CLEAR|window_clear|FUSION_ACTIVE|depth_age=0.053
1786391896.509827,/costmap_app/obstacle_detected,False
1786391896.514310,/cmd_vel,0.0000
1786391896.565065,/cmd_vel,0.0000
1786391896.591337,/costmap_app/stop_active,False
1786391896.611178,/costmap_app/obstacle_detected,False
1786391896.614223,/cmd_vel,0.0000
1786391896.664371,/cmd_vel,0.0000
1786391896.688931,/costmap_app/stop_active,False
1786391896.707611,monitor_status,CLEAR|window_clear|FUSION_ACTIVE|depth_age=0.056
1786391896.716131,/cmd_vel,0.0000
1786391896.760079,/costmap_app/obstacle_detected,False
1786391896.764479,/cmd_vel,0.0000
1786391896.790153,/costmap_app/stop_active,False
1786391896.814181,/cmd_vel,0.0000
1786391896.864685,/cmd_vel,0.0000
1786391896.888936,/costmap_app/stop_active,False
1786391896.909438,/costmap_app/obstacle_detected,False
1786391896.910778,monitor_status,CLEAR|window_clear|FUSION_ACTIVE|depth_age=0.054
1786391896.914877,/cmd_vel,0.0000
1786391896.964969,/cmd_vel,0.0000
1786391896.989111,/costmap_app/stop_active,False
1786391897.015084,/cmd_vel,0.0000
1786391897.064569,/cmd_vel,0.0000
1786391897.087778,/costmap_app/stop_active,False
1786391897.108300,/costmap_app/obstacle_detected,False
1786391897.109005,monitor_status,CLEAR|window_clear|FUSION_ACTIVE|depth_age=0.055
1786391897.118192,/cmd_vel,0.0000
1786391897.160006,/costmap_app/obstacle_detected,False
1786391897.167753,/cmd_vel,0.0000
1786391897.188002,/costmap_app/stop_active,False
1786391897.215056,/cmd_vel,0.0000
1786391897.265615,/cmd_vel,0.0000
1786391897.287735,/costmap_app/stop_active,False
1786391897.308967,monitor_status,CLEAR|window_clear|FUSION_ACTIVE|depth_age=0.045
1786391897.315657,/cmd_vel,0.0000
1786391897.359000,/costmap_app/obstacle_detected,False
1786391897.365004,/cmd_vel,0.0000
1786391897.389728,/costmap_app/stop_active,False
1786391897.414942,/cmd_vel,0.0000
1786391897.465742,/cmd_vel,0.0000
1786391897.488107,/costmap_app/stop_active,False
1786391897.510640,/costmap_app/obstacle_detected,False
1786391897.511927,monitor_status,CLEAR|window_clear|FUSION_ACTIVE|depth_age=0.040
1786391897.514928,/cmd_vel,0.0000
1786391897.567115,/cmd_vel,0.0000
1786391897.588324,/costmap_app/stop_active,False
1786391897.614603,/cmd_vel,0.0000
1786391897.659220,/costmap_app/obstacle_detected,False
1786391897.664928,/cmd_vel,0.0000
1786391897.688317,/costmap_app/stop_active,False
1786391897.707484,monitor_status,CLEAR|window_clear|FUSION_ACTIVE|depth_age=0.030
1786391897.716460,/cmd_vel,0.0000
1786391897.762644,/costmap_app/obstacle_detected,False
1786391897.765792,/cmd_vel,0.0000
1786391897.788806,/costmap_app/stop_active,False
1786391897.818071,/cmd_vel,0.0000
1786391897.866229,/cmd_vel,0.0000
1786391897.889270,/costmap_app/stop_active,False
1786391897.909555,monitor_status,CLEAR|window_clear|FUSION_ACTIVE|depth_age=0.010
1786391897.918386,/cmd_vel,0.0000
1786391897.964605,/cmd_vel,0.0000
1786391897.964628,/costmap_app/obstacle_detected,False
1786391897.989555,/costmap_app/stop_active,False
1786391898.015727,/cmd_vel,0.0000
1786391898.064551,/cmd_vel,0.0000
1786391898.090064,/costmap_app/stop_active,False
1786391898.108593,monitor_status,CLEAR|window_clear|FUSION_ACTIVE|depth_age=0.008
1786391898.118631,/cmd_vel,0.0000
1786391898.167074,/cmd_vel,0.0000
1786391898.190416,/costmap_app/stop_active,False
1786391898.211067,/costmap_app/obstacle_detected,False
1786391898.218195,/cmd_vel,0.0000
1786391898.264831,/cmd_vel,0.0000
1786391898.290797,/costmap_app/stop_active,False
1786391898.307508,monitor_status,CLEAR|window_clear|FUSION_ACTIVE|depth_age=0.011
1786391898.314386,/cmd_vel,0.0000
1786391898.367421,/cmd_vel,0.0000
1786391898.374119,/costmap_app/obstacle_detected,False
1786391898.388711,/costmap_app/stop_active,False
1786391898.415486,/cmd_vel,0.0000
1786391898.460363,/costmap_app/obstacle_detected,False
1786391898.464202,/cmd_vel,0.0000
1786391898.488208,/costmap_app/stop_active,False
1786391898.511605,monitor_status,CLEAR|window_clear|FUSION_ACTIVE|depth_age=0.002
1786391898.516124,/cmd_vel,0.0000
1786391898.564210,/cmd_vel,0.0000
1786391898.589243,/costmap_app/stop_active,False
1786391898.618013,/cmd_vel,0.0000
1786391898.658578,/costmap_app/obstacle_detected,False
1786391898.667751,/cmd_vel,0.0000
1786391898.691204,/costmap_app/stop_active,False
1786391898.708726,monitor_status,CLEAR|window_clear|FUSION_ACTIVE|depth_age=0.004
1786391898.715665,/cmd_vel,0.0000
1786391898.765504,/cmd_vel,0.0000
1786391898.789560,/costmap_app/stop_active,False
1786391898.818529,/cmd_vel,0.0000
1786391898.859793,/costmap_app/obstacle_detected,False
1786391898.866078,/cmd_vel,0.0000
1786391898.889552,/costmap_app/stop_active,False
1786391898.915586,/cmd_vel,0.0000
1786391898.915612,monitor_status,CLEAR|window_clear|FUSION_ACTIVE|depth_age=0.061
1786391898.961384,/costmap_app/obstacle_detected,False
1786391898.966649,/cmd_vel,0.0000
1786391898.994052,/costmap_app/stop_active,False
1786391899.014665,/cmd_vel,0.0000
1786391899.063005,/costmap_app/obstacle_detected,False
1786391899.068155,/cmd_vel,0.0000
1786391899.090176,/costmap_app/stop_active,False
1786391899.113431,monitor_status,CLEAR|window_clear|FUSION_ACTIVE|depth_age=0.045
1786391899.114753,/cmd_vel,0.0000
1786391899.165827,/cmd_vel,0.0000
1786391899.188803,/costmap_app/stop_active,False
1786391899.214805,/cmd_vel,0.0000
1786391899.260651,/costmap_app/obstacle_detected,False
1786391899.264289,/cmd_vel,0.0000
1786391899.293099,/costmap_app/stop_active,False
1786391899.308829,monitor_status,CLEAR|window_clear|FUSION_ACTIVE|depth_age=0.026
1786391899.315462,/cmd_vel,0.0000
1786391899.364263,/cmd_vel,0.0000
1786391899.371908,/costmap_app/obstacle_detected,False
1786391899.389208,/costmap_app/stop_active,False
1786391899.414682,/cmd_vel,0.0000
1786391899.458215,/costmap_app/obstacle_detected,False
1786391899.467093,/cmd_vel,0.0000
1786391899.491473,/costmap_app/stop_active,False
1786391899.508965,monitor_status,CLEAR|window_clear|FUSION_ACTIVE|depth_age=0.008
1786391899.514297,/cmd_vel,0.0000
1786391899.568650,/cmd_vel,0.0000
1786391899.588306,/costmap_app/stop_active,False
1786391899.610825,/costmap_app/obstacle_detected,False
1786391899.617471,/cmd_vel,0.0000
1786391899.658100,/costmap_app/obstacle_detected,False
1786391899.667219,/cmd_vel,0.0000
1786391899.687950,/costmap_app/stop_active,False
1786391899.708383,monitor_status,CLEAR|window_clear|FUSION_ACTIVE|depth_age=0.005
1786391899.717795,/cmd_vel,0.0000
1786391899.766602,/cmd_vel,0.0000
1786391899.788171,/costmap_app/stop_active,False
1786391899.814565,/cmd_vel,0.0000
1786391899.864504,/cmd_vel,0.0000
1786391899.889270,/costmap_app/stop_active,False
1786391899.911858,/costmap_app/obstacle_detected,False
1786391899.912403,monitor_status,CLEAR|window_clear|FUSION_ACTIVE|depth_age=0.012
1786391899.914338,/cmd_vel,0.0000
1786391899.971208,/cmd_vel,0.0000
1786391899.988471,/costmap_app/stop_active,False
1786391900.014598,/cmd_vel,0.0000
1786391900.058344,/costmap_app/obstacle_detected,False
1786391900.066744,/cmd_vel,0.0000
1786391900.093034,/costmap_app/stop_active,False
1786391900.114582,monitor_status,CLEAR|window_clear|FUSION_ACTIVE|depth_age=0.068
1786391900.118841,/cmd_vel,0.0000
1786391900.164824,/cmd_vel,0.0000
1786391900.188781,/costmap_app/stop_active,False
1786391900.214334,/cmd_vel,0.0000
1786391900.258322,/costmap_app/obstacle_detected,False
1786391900.264242,/cmd_vel,0.0000
1786391900.290123,/costmap_app/stop_active,False
1786391900.311019,monitor_status,CLEAR|window_clear|FUSION_ACTIVE|depth_age=0.018
1786391900.316392,/cmd_vel,0.0000
1786391900.366220,/cmd_vel,0.0000
1786391900.366265,/costmap_app/obstacle_detected,False
1786391900.388631,/costmap_app/stop_active,False
1786391900.416644,/cmd_vel,0.0000
1786391900.465603,/cmd_vel,0.0000
1786391900.494867,/costmap_app/stop_active,False
1786391900.507650,monitor_status,CLEAR|window_clear|FUSION_ACTIVE|depth_age=0.017
1786391900.514473,/cmd_vel,0.0000
1786391900.564615,/costmap_app/obstacle_detected,False
1786391900.565117,/cmd_vel,0.0000
1786391900.587726,/costmap_app/stop_active,False
1786391900.615137,/cmd_vel,0.0000
1786391900.665707,/cmd_vel,0.0000
1786391900.687707,/costmap_app/stop_active,False
1786391900.708184,monitor_status,CLEAR|window_clear|FUSION_ACTIVE|depth_age=0.014
1786391900.714150,/cmd_vel,0.0000
1786391900.764625,/cmd_vel,0.0000
1786391900.787708,/costmap_app/stop_active,False
1786391900.808929,/costmap_app/obstacle_detected,False
1786391900.815364,/cmd_vel,0.0000
1786391900.858108,/costmap_app/obstacle_detected,False
1786391900.868228,/cmd_vel,0.0000
1786391900.888879,/costmap_app/stop_active,False
1786391900.910608,monitor_status,CLEAR|window_clear|FUSION_ACTIVE|depth_age=0.015
1786391900.914292,/cmd_vel,0.0000
1786391900.961350,/costmap_app/obstacle_detected,False
1786391900.965297,/cmd_vel,0.0000
1786391900.988399,/costmap_app/stop_active,False
1786391901.016562,/cmd_vel,0.0000
1786391901.066049,/cmd_vel,0.0000
1786391901.089373,/costmap_app/stop_active,False
1786391901.108970,monitor_status,CLEAR|window_clear|FUSION_ACTIVE|depth_age=0.019
1786391901.114311,/cmd_vel,0.0000
1786391901.164922,/cmd_vel,0.0000
1786391901.164943,/costmap_app/obstacle_detected,False
1786391901.187927,/costmap_app/stop_active,False
1786391901.216030,/cmd_vel,0.0000
1786391901.264994,/cmd_vel,0.0000
1786391901.289804,/costmap_app/stop_active,False
1786391901.307849,monitor_status,CLEAR|window_clear|FUSION_ACTIVE|depth_age=0.019
1786391901.314235,/cmd_vel,0.0000
1786391901.362846,/costmap_app/obstacle_detected,False
1786391901.365857,/cmd_vel,0.0000
1786391901.388963,/costmap_app/stop_active,False
1786391901.415052,/cmd_vel,0.0000
1786391901.465467,/cmd_vel,0.0000
1786391901.488342,/costmap_app/stop_active,False
1786391901.509218,/costmap_app/obstacle_detected,False
1786391901.510031,monitor_status,CLEAR|window_clear|FUSION_ACTIVE|depth_age=0.008
1786391901.515408,/cmd_vel,0.0000
1786391901.567219,/cmd_vel,0.0000
1786391901.587710,/costmap_app/stop_active,False
1786391901.618694,/cmd_vel,0.0000
1786391901.659601,/costmap_app/obstacle_detected,False
1786391901.667579,/cmd_vel,0.0000
1786391901.688908,/costmap_app/stop_active,False
1786391901.707723,monitor_status,CLEAR|window_clear|FUSION_ACTIVE|depth_age=0.013
1786391901.716967,/cmd_vel,0.0000
1786391901.762792,/costmap_app/obstacle_detected,False
1786391901.764122,/cmd_vel,0.0000
1786391901.789891,/costmap_app/stop_active,False
1786391901.815216,/cmd_vel,0.0000
1786391901.866333,/cmd_vel,0.0000
1786391901.889169,/costmap_app/stop_active,False
1786391901.907864,monitor_status,CLEAR|window_clear|FUSION_ACTIVE|depth_age=0.019
1786391901.914160,/cmd_vel,0.0000
1786391901.963169,/costmap_app/obstacle_detected,False
1786391901.964616,/cmd_vel,0.0000
1786391901.987889,/costmap_app/stop_active,False
1786391902.015311,/cmd_vel,0.0000
1786391902.062067,/costmap_app/obstacle_detected,False
1786391902.064921,/cmd_vel,0.0000
1786391902.089203,/costmap_app/stop_active,False
1786391902.109972,monitor_status,CLEAR|window_clear|FUSION_ACTIVE|depth_age=0.022
1786391902.115129,/cmd_vel,0.0000
1786391902.164226,/cmd_vel,0.0000
1786391902.187754,/costmap_app/stop_active,False
1786391902.215771,/cmd_vel,0.0000
1786391902.258158,/costmap_app/obstacle_detected,False
1786391902.267096,/cmd_vel,0.0000
1786391902.289681,/costmap_app/stop_active,False
1786391902.307473,monitor_status,CLEAR|window_clear|FUSION_ACTIVE|depth_age=0.012
1786391902.314296,/cmd_vel,0.0000
1786391902.365371,/cmd_vel,0.0000
1786391902.388004,/costmap_app/stop_active,False
1786391902.415315,/cmd_vel,0.0000
1786391902.458120,/costmap_app/obstacle_detected,False
1786391902.466517,/cmd_vel,0.0000
1786391902.489091,/costmap_app/stop_active,False
1786391902.510031,monitor_status,CLEAR|window_clear|FUSION_ACTIVE|depth_age=0.001
1786391902.515515,/cmd_vel,0.0000
1786391902.559663,/costmap_app/obstacle_detected,False
1786391902.564824,/cmd_vel,0.0000
1786391902.587674,/costmap_app/stop_active,False
1786391902.615506,/cmd_vel,0.0000
1786391902.665076,/cmd_vel,0.0000
1786391902.689850,/costmap_app/stop_active,False
1786391902.709154,monitor_status,CLEAR|window_clear|FUSION_ACTIVE|depth_age=0.003
1786391902.716388,/cmd_vel,0.0000
1786391902.762077,/costmap_app/obstacle_detected,False
1786391902.765997,/cmd_vel,0.0000
1786391902.788942,/costmap_app/stop_active,False
1786391902.815822,/cmd_vel,0.0000
1786391902.857972,/costmap_app/obstacle_detected,False
1786391902.864610,/cmd_vel,0.0000
1786391902.888702,/costmap_app/stop_active,False
1786391902.909412,monitor_status,CLEAR|window_clear|FUSION_ACTIVE|depth_age=0.071
1786391902.915031,/cmd_vel,0.0000
1786391902.964448,/cmd_vel,0.0000
1786391902.988864,/costmap_app/stop_active,False
1786391903.015794,/cmd_vel,0.0000
1786391903.058246,/costmap_app/obstacle_detected,False
1786391903.064140,/cmd_vel,0.0000
1786391903.087985,/costmap_app/stop_active,False
1786391903.116115,/cmd_vel,0.0000
1786391903.116135,monitor_status,CLEAR|window_clear|FUSION_ACTIVE|depth_age=0.005
1786391903.164212,/cmd_vel,0.0000
1786391903.188203,/costmap_app/stop_active,False
1786391903.214208,/cmd_vel,0.0000
1786391903.258019,/costmap_app/obstacle_detected,False
1786391903.264212,/cmd_vel,0.0000
1786391903.289754,/costmap_app/stop_active,False
1786391903.309305,monitor_status,CLEAR|window_clear|FUSION_ACTIVE|depth_age=0.058
1786391903.315456,/cmd_vel,0.0000
1786391903.366280,/cmd_vel,0.0000
1786391903.390763,/costmap_app/stop_active,False
1786391903.414207,/cmd_vel,0.0000
1786391903.465858,/cmd_vel,0.0000
1786391903.488843,/costmap_app/stop_active,False
1786391903.512174,/costmap_app/obstacle_detected,False
1786391903.512987,monitor_status,CLEAR|window_clear|FUSION_ACTIVE|depth_age=0.050
1786391903.516188,/cmd_vel,0.0000
1786391903.564714,/cmd_vel,0.0000
1786391903.595577,/costmap_app/stop_active,False
1786391903.614225,/cmd_vel,0.0000
1786391903.663835,/costmap_app/obstacle_detected,False
1786391903.664844,/cmd_vel,0.0000
1786391903.688265,/costmap_app/stop_active,False
1786391903.710062,monitor_status,CLEAR|window_clear|FUSION_ACTIVE|depth_age=0.051
1786391903.714605,/cmd_vel,0.0000
1786391903.764311,/cmd_vel,0.0000
1786391903.790082,/costmap_app/stop_active,False
1786391903.808710,/costmap_app/obstacle_detected,False
1786391903.814276,/cmd_vel,0.0000
1786391903.860531,/costmap_app/obstacle_detected,False
1786391903.866528,/cmd_vel,0.0000
1786391903.891016,/costmap_app/stop_active,False
1786391903.910412,monitor_status,CLEAR|window_clear|FUSION_ACTIVE|depth_age=0.045
1786391903.914395,/cmd_vel,0.0000
1786391903.964175,/cmd_vel,0.0000
1786391903.993676,/costmap_app/stop_active,False
1786391904.014150,/cmd_vel,0.0000
1786391904.064891,/costmap_app/obstacle_detected,False
1786391904.067345,/cmd_vel,0.0000
1786391904.087754,/costmap_app/stop_active,False
1786391904.114034,monitor_status,CLEAR|window_clear|FUSION_ACTIVE|depth_age=0.041
1786391904.114296,/cmd_vel,0.0000
1786391904.157972,/costmap_app/obstacle_detected,False
1786391904.166584,/cmd_vel,0.0000
1786391904.190889,/costmap_app/stop_active,False
1786391904.214259,/cmd_vel,0.0000
1786391904.266746,/cmd_vel,0.0000
1786391904.288039,/costmap_app/stop_active,False
1786391904.310043,monitor_status,CLEAR|window_clear|FUSION_ACTIVE|depth_age=0.045
1786391904.318674,/cmd_vel,0.0000
1786391904.358422,/costmap_app/obstacle_detected,False
1786391904.364224,/cmd_vel,0.0000
1786391904.389687,/costmap_app/stop_active,False
1786391904.414170,/cmd_vel,0.0000
1786391904.466191,/cmd_vel,0.0000
1786391904.489256,/costmap_app/stop_active,False
1786391904.513879,monitor_status,CLEAR|window_clear|FUSION_ACTIVE|depth_age=0.025
1786391904.514760,/cmd_vel,0.0000
1786391904.558134,/costmap_app/obstacle_detected,False
1786391904.564139,/cmd_vel,0.0000
1786391904.589017,/costmap_app/stop_active,False
1786391904.614221,/cmd_vel,0.0000
1786391904.665304,/cmd_vel,0.0000
1786391904.688235,/costmap_app/stop_active,False
1786391904.707498,monitor_status,CLEAR|window_clear|FUSION_ACTIVE|depth_age=0.034
1786391904.714618,/cmd_vel,0.0000
1786391904.758224,/costmap_app/obstacle_detected,False
1786391904.764139,/cmd_vel,0.0000
1786391904.787752,/costmap_app/stop_active,False
1786391904.814174,/cmd_vel,0.0000
1786391904.865476,/cmd_vel,0.0000
1786391904.888636,/costmap_app/stop_active,False
1786391904.907884,monitor_status,CLEAR|window_clear|FUSION_ACTIVE|depth_age=0.025
1786391904.915331,/cmd_vel,0.0000
1786391904.957941,/costmap_app/obstacle_detected,False
1786391904.964239,/cmd_vel,0.0000
1786391904.990906,/costmap_app/stop_active,False
1786391905.014678,/cmd_vel,0.0000
1786391905.065248,/cmd_vel,0.0000
1786391905.087748,/costmap_app/stop_active,False
1786391905.107766,monitor_status,CLEAR|window_clear|FUSION_ACTIVE|depth_age=0.032
1786391905.114618,/cmd_vel,0.0000
1786391905.158762,/costmap_app/obstacle_detected,False
1786391905.164477,/cmd_vel,0.0000
1786391905.188901,/costmap_app/stop_active,False
1786391905.214885,/cmd_vel,0.0000
1786391905.264956,/cmd_vel,0.0000
1786391905.288785,/costmap_app/stop_active,False
1786391905.307816,monitor_status,CLEAR|window_clear|FUSION_ACTIVE|depth_age=0.022
1786391905.314285,/cmd_vel,0.0000
1786391905.364166,/cmd_vel,0.0000
1786391905.390119,/costmap_app/stop_active,False
1786391905.412437,/costmap_app/obstacle_detected,False
1786391905.416306,/cmd_vel,0.0000
1786391905.459518,/costmap_app/obstacle_detected,False
1786391905.466924,/cmd_vel,0.0000
1786391905.500571,/costmap_app/stop_active,False
1786391905.508113,monitor_status,CLEAR|window_clear|FUSION_ACTIVE|depth_age=0.085
1786391905.516974,/cmd_vel,0.0000
1786391905.564822,/cmd_vel,0.0000
1786391905.587800,/costmap_app/stop_active,False
1786391905.620259,/cmd_vel,0.0000
1786391905.659213,/costmap_app/obstacle_detected,False
1786391905.667100,/cmd_vel,0.0000
1786391905.690994,/costmap_app/stop_active,False
1786391905.707740,monitor_status,CLEAR|window_clear|FUSION_ACTIVE|depth_age=0.016
1786391905.714499,/cmd_vel,0.0000
1786391905.765039,/cmd_vel,0.0000
1786391905.789632,/costmap_app/stop_active,False
1786391905.817595,/cmd_vel,0.0000
1786391905.861838,/costmap_app/obstacle_detected,False
1786391905.865798,/cmd_vel,0.0000
1786391905.889933,/costmap_app/stop_active,False
1786391905.913116,monitor_status,CLEAR|window_clear|FUSION_ACTIVE|depth_age=0.005
1786391905.915120,/cmd_vel,0.0000
1786391905.964760,/cmd_vel,0.0000
1786391905.989282,/costmap_app/stop_active,False
1786391906.017061,/cmd_vel,0.0000
1786391906.068065,/cmd_vel,0.0000
1786391906.090732,/costmap_app/stop_active,False
1786391906.114187,/costmap_app/obstacle_detected,False
1786391906.117210,/cmd_vel,0.0000
1786391906.117235,monitor_status,CLEAR|window_clear|FUSION_ACTIVE|depth_age=0.048
1786391906.166535,/cmd_vel,0.0000
1786391906.189684,/costmap_app/stop_active,False
1786391906.216724,/cmd_vel,0.0000
1786391906.261309,/costmap_app/obstacle_detected,False
1786391906.267874,/cmd_vel,0.0000
1786391906.288574,/costmap_app/stop_active,False
1786391906.309210,monitor_status,CLEAR|window_clear|FUSION_ACTIVE|depth_age=0.043
1786391906.314730,/cmd_vel,0.0000
1786391906.367876,/cmd_vel,0.0000
1786391906.388933,/costmap_app/stop_active,False
1786391906.408538,/costmap_app/obstacle_detected,False
1786391906.414296,/cmd_vel,0.0000
1786391906.461357,/costmap_app/obstacle_detected,False
1786391906.467770,/cmd_vel,0.0000
1786391906.491690,/costmap_app/stop_active,False
1786391906.510000,monitor_status,CLEAR|window_clear|FUSION_ACTIVE|depth_age=0.046
1786391906.516623,/cmd_vel,0.0000
1786391906.565252,/cmd_vel,0.0000
1786391906.590348,/costmap_app/stop_active,False
1786391906.614032,/costmap_app/obstacle_detected,False
1786391906.614253,/cmd_vel,0.0000
1786391906.665046,/cmd_vel,0.0000
1786391906.690055,/costmap_app/stop_active,False
1786391906.708375,/costmap_app/obstacle_detected,False
1786391906.711753,monitor_status,CLEAR|window_clear|FUSION_ACTIVE|depth_age=0.053
1786391906.715280,/cmd_vel,0.0000
1786391906.765905,/cmd_vel,0.0000
1786391906.790074,/costmap_app/stop_active,False
1786391906.814265,/cmd_vel,0.0000
1786391906.862968,/costmap_app/obstacle_detected,False
1786391906.866206,/cmd_vel,0.0000
1786391906.892063,/costmap_app/stop_active,False
1786391906.909703,monitor_status,CLEAR|window_clear|FUSION_ACTIVE|depth_age=0.039
1786391906.914280,/cmd_vel,0.0000
1786391906.968470,/cmd_vel,0.0000
1786391906.987785,/costmap_app/stop_active,False
1786391907.015466,/cmd_vel,0.0000
1786391907.059407,/costmap_app/obstacle_detected,False
1786391907.064433,/cmd_vel,0.0000
1786391907.090477,/costmap_app/stop_active,False
1786391907.111079,monitor_status,CLEAR|window_clear|FUSION_ACTIVE|depth_age=0.007
1786391907.118138,/cmd_vel,0.0000
1786391907.161999,/costmap_app/obstacle_detected,False
1786391907.166398,/cmd_vel,0.0000
1786391907.189447,/costmap_app/stop_active,False
1786391907.215919,/cmd_vel,0.0000
1786391907.264773,/cmd_vel,0.0000
1786391907.289467,/costmap_app/stop_active,False
1786391907.311008,monitor_status,CLEAR|window_clear|FUSION_ACTIVE|depth_age=0.011
1786391907.315383,/cmd_vel,0.0000
1786391907.369223,/cmd_vel,0.0000
1786391907.369250,/costmap_app/obstacle_detected,False
1786391907.389255,/costmap_app/stop_active,False
1786391907.415024,/cmd_vel,0.0000
1786391907.464455,/cmd_vel,0.0000
1786391907.493518,/costmap_app/stop_active,False
1786391907.511086,monitor_status,CLEAR|window_clear|FUSION_ACTIVE|depth_age=0.003
1786391907.517443,/cmd_vel,0.0000
1786391907.564533,/costmap_app/obstacle_detected,False
1786391907.564792,/cmd_vel,0.0000
1786391907.587751,/costmap_app/stop_active,False
1786391907.615397,/cmd_vel,0.0000
1786391907.664300,/cmd_vel,0.0000
1786391907.687936,/costmap_app/stop_active,False
1786391907.715504,/cmd_vel,0.0000
1786391907.716533,monitor_status,CLEAR|window_clear|FUSION_ACTIVE|depth_age=0.007
1786391907.768054,/cmd_vel,0.0000
1786391907.768080,/costmap_app/obstacle_detected,False
1786391907.789716,/costmap_app/stop_active,False
1786391907.814591,/cmd_vel,0.0000
1786391907.864739,/cmd_vel,0.0000
1786391907.891375,/costmap_app/stop_active,False
1786391907.911292,monitor_status,CLEAR|window_clear|FUSION_ACTIVE|depth_age=0.008
1786391907.915899,/cmd_vel,0.0000
1786391907.966275,/cmd_vel,0.0000
1786391907.968672,/costmap_app/obstacle_detected,False
1786391907.988569,/costmap_app/stop_active,False
1786391908.016208,/cmd_vel,0.0000
1786391908.066328,/cmd_vel,0.0000
1786391908.087903,/costmap_app/stop_active,False
1786391908.108473,monitor_status,CLEAR|window_clear|FUSION_ACTIVE|depth_age=0.032
1786391908.116429,/cmd_vel,0.0000
1786391908.165096,/cmd_vel,0.0000
1786391908.195313,/costmap_app/stop_active,False
1786391908.212474,/costmap_app/obstacle_detected,False
1786391908.215504,/cmd_vel,0.0000
1786391908.264323,/cmd_vel,0.0000
1786391908.294595,/costmap_app/stop_active,False
1786391908.307792,monitor_status,CLEAR|window_clear|FUSION_ACTIVE|depth_age=0.057
1786391908.316298,/cmd_vel,0.0000
1786391908.364501,/cmd_vel,0.0000
1786391908.388453,/costmap_app/stop_active,False
1786391908.409410,/costmap_app/obstacle_detected,False
1786391908.419117,/cmd_vel,0.0000
1786391908.464210,/cmd_vel,0.0000
1786391908.492905,/costmap_app/stop_active,False
1786391908.507755,monitor_status,CLEAR|window_clear|FUSION_ACTIVE|depth_age=0.008
1786391908.515895,/cmd_vel,0.0000
1786391908.567714,/cmd_vel,0.0000
1786391908.569187,/costmap_app/obstacle_detected,False
1786391908.587755,/costmap_app/stop_active,False
1786391908.615697,/cmd_vel,0.0000
1786391908.661670,/costmap_app/obstacle_detected,False
1786391908.665202,/cmd_vel,0.0000
1786391908.689848,/costmap_app/stop_active,False
1786391908.710280,monitor_status,CLEAR|window_clear|FUSION_ACTIVE|depth_age=0.064
1786391908.714925,/cmd_vel,0.0000
1786391908.769435,/cmd_vel,0.0000
1786391908.789665,/costmap_app/stop_active,False
1786391908.814476,/cmd_vel,0.0000
1786391908.858012,/costmap_app/obstacle_detected,False
1786391908.864432,/cmd_vel,0.0000
1786391908.889889,/costmap_app/stop_active,False
1786391908.907706,monitor_status,CLEAR|window_clear|FUSION_ACTIVE|depth_age=0.012
1786391908.914877,/cmd_vel,0.0000
1786391908.965096,/cmd_vel,0.0000
1786391908.992090,/costmap_app/stop_active,False
1786391909.015069,/cmd_vel,0.0000
1786391909.058143,/costmap_app/obstacle_detected,False
1786391909.065255,/cmd_vel,0.0000
1786391909.089723,/costmap_app/stop_active,False
1786391909.107535,monitor_status,CLEAR|window_clear|FUSION_ACTIVE|depth_age=0.010
1786391909.114965,/cmd_vel,0.0000
1786391909.158595,/costmap_app/obstacle_detected,False
1786391909.167448,/cmd_vel,0.0000
1786391909.189281,/costmap_app/stop_active,False
1786391909.214311,/cmd_vel,0.0000
1786391909.266446,/cmd_vel,0.0000
1786391909.288854,/costmap_app/stop_active,False
1786391909.307453,monitor_status,CLEAR|window_clear|FUSION_ACTIVE|depth_age=0.010
1786391909.314185,/cmd_vel,0.0000
1786391909.366630,/costmap_app/obstacle_detected,False
1786391909.368751,/cmd_vel,0.0000
1786391909.387700,/costmap_app/stop_active,False
1786391909.414453,/cmd_vel,0.0000
1786391909.465414,/cmd_vel,0.0000
1786391909.488950,/costmap_app/stop_active,False
1786391909.507559,monitor_status,CLEAR|window_clear|FUSION_ACTIVE|depth_age=0.008
1786391909.514203,/cmd_vel,0.0000
1786391909.561075,/costmap_app/obstacle_detected,False
1786391909.566867,/cmd_vel,0.0000
1786391909.587696,/costmap_app/stop_active,False
1786391909.615513,/cmd_vel,0.0000
1786391909.658439,/costmap_app/obstacle_detected,False
1786391909.664275,/cmd_vel,0.0000
1786391909.689379,/costmap_app/stop_active,False
1786391909.709470,monitor_status,CLEAR|window_clear|FUSION_ACTIVE|depth_age=0.003
1786391909.714338,/cmd_vel,0.0000
1786391909.764290,/cmd_vel,0.0000
1786391909.788166,/costmap_app/stop_active,False
1786391909.816503,/cmd_vel,0.0000
1786391909.858005,/costmap_app/obstacle_detected,False
1786391909.866017,/cmd_vel,0.0000
1786391909.889383,/costmap_app/stop_active,False
1786391909.913419,monitor_status,CLEAR|window_clear|FUSION_ACTIVE|depth_age=0.004
1786391909.917772,/cmd_vel,0.0000
1786391909.965236,/cmd_vel,0.0000
1786391909.987693,/costmap_app/stop_active,False
1786391910.018641,/cmd_vel,0.0000
1786391910.058164,/costmap_app/obstacle_detected,False
1786391910.064209,/cmd_vel,0.0000
1786391910.092392,/costmap_app/stop_active,False
1786391910.107769,monitor_status,CLEAR|window_clear|FUSION_ACTIVE|depth_age=0.005
1786391910.114210,/cmd_vel,0.0000
1786391910.164804,/cmd_vel,0.0000
1786391910.188881,/costmap_app/stop_active,False
1786391910.215180,/cmd_vel,0.0000
1786391910.258735,/costmap_app/obstacle_detected,False
1786391910.264211,/cmd_vel,0.0000
1786391910.293569,/costmap_app/stop_active,False
1786391910.316249,monitor_status,CLEAR|window_clear|FUSION_ACTIVE|depth_age=0.003
1786391910.317055,/cmd_vel,0.0000
1786391910.365141,/cmd_vel,0.0000
1786391910.388489,/costmap_app/stop_active,False
1786391910.415741,/cmd_vel,0.0000
1786391910.471895,/cmd_vel,0.0000
1786391910.506397,/costmap_app/stop_active,False
1786391910.512998,monitor_status,CLEAR|window_clear|FUSION_ACTIVE|depth_age=0.047
1786391910.513022,/costmap_app/obstacle_detected,False
1786391910.514959,/cmd_vel,0.0000
1786391910.565488,/cmd_vel,0.0000
1786391910.589747,/costmap_app/stop_active,False
1786391910.614579,/cmd_vel,0.0000
1786391910.668795,/cmd_vel,0.0000
1786391910.688552,/costmap_app/stop_active,False
1786391910.710588,/costmap_app/obstacle_detected,False
1786391910.714025,monitor_status,CLEAR|window_clear|FUSION_ACTIVE|depth_age=0.041
1786391910.715286,/cmd_vel,0.0000
1786391910.766193,/cmd_vel,0.0000
1786391910.790082,/costmap_app/stop_active,False
1786391910.815093,/cmd_vel,0.0000
1786391910.858265,/costmap_app/obstacle_detected,False
1786391910.864763,/cmd_vel,0.0000
1786391910.889749,/costmap_app/stop_active,False
1786391910.910211,monitor_status,CLEAR|window_clear|FUSION_ACTIVE|depth_age=0.032
1786391910.917019,/cmd_vel,0.0000
1786391910.964199,/cmd_vel,0.0000
1786391910.990501,/costmap_app/stop_active,False
1786391911.009259,/costmap_app/obstacle_detected,False
1786391911.015393,/cmd_vel,0.0000
1786391911.064832,/cmd_vel,0.0000
1786391911.090622,/costmap_app/stop_active,False
1786391911.111405,monitor_status,CLEAR|window_clear|FUSION_ACTIVE|depth_age=0.019
1786391911.117809,/cmd_vel,0.0000
1786391911.164836,/cmd_vel,0.0000
1786391911.189923,/costmap_app/stop_active,False
1786391911.215523,/cmd_vel,0.0000
1786391911.219685,/costmap_app/obstacle_detected,False
1786391911.266511,/cmd_vel,0.0000
1786391911.288491,/costmap_app/stop_active,False
1786391911.307673,monitor_status,CLEAR|window_clear|FUSION_ACTIVE|depth_age=0.031
1786391911.319230,/cmd_vel,0.0000
1786391911.366053,/cmd_vel,0.0000
1786391911.388562,/costmap_app/stop_active,False
1786391911.411382,/costmap_app/obstacle_detected,False
1786391911.417438,/cmd_vel,0.0000
1786391911.459694,/costmap_app/obstacle_detected,False
1786391911.464243,/cmd_vel,0.0000
1786391911.489230,/costmap_app/stop_active,False
1786391911.507952,monitor_status,CLEAR|window_clear|FUSION_ACTIVE|depth_age=0.014
1786391911.516734,/cmd_vel,0.0000
1786391911.561427,/costmap_app/obstacle_detected,False
1786391911.564438,/cmd_vel,0.0000
1786391911.588956,/costmap_app/stop_active,False
1786391911.616366,/cmd_vel,0.0000
1786391911.667991,/cmd_vel,0.0000
1786391911.687958,/costmap_app/stop_active,False
1786391911.708333,monitor_status,CLEAR|window_clear|FUSION_ACTIVE|depth_age=0.050
1786391911.714337,/cmd_vel,0.0000
1786391911.760732,/costmap_app/obstacle_detected,False
1786391911.765013,/cmd_vel,0.0000
1786391911.789149,/costmap_app/stop_active,False
1786391911.814519,/cmd_vel,0.0000
1786391911.864290,/cmd_vel,0.0000
1786391911.888670,/costmap_app/stop_active,False
1786391911.912346,/costmap_app/obstacle_detected,False
1786391911.912641,monitor_status,CLEAR|window_clear|FUSION_ACTIVE|depth_age=0.010
1786391911.915600,/cmd_vel,0.0000
1786391911.961790,/costmap_app/obstacle_detected,False
1786391911.966894,/cmd_vel,0.0000
1786391911.990724,/costmap_app/stop_active,False
1786391912.015757,/cmd_vel,0.0000
1786391912.065227,/cmd_vel,0.0000
1786391912.088605,/costmap_app/stop_active,False
1786391912.117274,monitor_status,CLEAR|window_clear|FUSION_ACTIVE|depth_age=0.005
1786391912.117319,/cmd_vel,0.0000
1786391912.165208,/cmd_vel,0.0000
1786391912.190271,/costmap_app/stop_active,False
1786391912.214484,/costmap_app/obstacle_detected,False
1786391912.217177,/cmd_vel,0.0000
1786391912.264954,/cmd_vel,0.0000
1786391912.289507,/costmap_app/stop_active,False
1786391912.315163,/cmd_vel,0.0000
1786391912.315198,monitor_status,CLEAR|window_clear|FUSION_ACTIVE|depth_age=0.007
1786391912.364241,/costmap_app/obstacle_detected,False
1786391912.364361,/cmd_vel,0.0000
1786391912.389458,/costmap_app/stop_active,False
1786391912.427488,/cmd_vel,0.0000
1786391912.473939,/cmd_vel,0.0000
1786391912.487944,/costmap_app/stop_active,False
1786391912.524411,/cmd_vel,0.0000
1786391912.549513,monitor_status,CLEAR|window_clear|FUSION_ACTIVE|depth_age=0.150
1786391912.583587,/cmd_vel,0.0000
1786391912.589763,/costmap_app/stop_active,False
1786391912.625674,/cmd_vel,0.0000
1786391912.669097,/cmd_vel,0.0000
1786391912.669127,/costmap_app/obstacle_detected,False
1786391912.689599,/costmap_app/stop_active,False
1786391912.710343,monitor_status,CLEAR|window_clear|FUSION_ACTIVE|depth_age=0.055
1786391912.716112,/cmd_vel,0.0000
1786391912.760164,/costmap_app/obstacle_detected,False
1786391912.765302,/cmd_vel,0.0000
1786391912.788361,/costmap_app/stop_active,False
1786391912.820197,/cmd_vel,0.0000
1786391912.859082,/costmap_app/obstacle_detected,False
1786391912.864585,/cmd_vel,0.0000
1786391912.888803,/costmap_app/stop_active,False
1786391912.911111,monitor_status,CLEAR|window_clear|FUSION_ACTIVE|depth_age=0.002
1786391912.915359,/cmd_vel,0.0000
1786391912.976121,/cmd_vel,0.0000
1786391912.998188,/costmap_app/stop_active,False
1786391913.020431,/cmd_vel,0.0000
1786391913.065980,/cmd_vel,0.0000
1786391913.068103,/costmap_app/obstacle_detected,False
1786391913.088879,/costmap_app/stop_active,False
1786391913.109770,monitor_status,CLEAR|window_clear|FUSION_ACTIVE|depth_age=0.009
1786391913.115003,/cmd_vel,0.0000
1786391913.164167,/cmd_vel,0.0000
1786391913.192464,/costmap_app/stop_active,False
1786391913.216564,/cmd_vel,0.0000
1786391913.266521,/cmd_vel,0.0000
1786391913.298128,/costmap_app/stop_active,False
1786391913.315689,/cmd_vel,0.0000
1786391913.339912,monitor_status,CLEAR|window_clear|FUSION_ACTIVE|depth_age=0.123
1786391913.367174,/cmd_vel,0.0000
1786391913.398402,/costmap_app/stop_active,False
1786391913.427745,/cmd_vel,0.0000
1786391913.427766,/costmap_app/obstacle_detected,False
1786391913.468093,/cmd_vel,0.0000
1786391913.490073,/costmap_app/stop_active,False
1786391913.515798,monitor_status,CLEAR|window_clear|FUSION_ACTIVE|depth_age=0.010
1786391913.515915,/cmd_vel,0.0000
1786391913.566646,/cmd_vel,0.0000
1786391913.589438,/costmap_app/stop_active,False
1786391913.608936,/costmap_app/obstacle_detected,False
1786391913.617874,/cmd_vel,0.0000
1786391913.658320,/costmap_app/obstacle_detected,False
1786391913.666531,/cmd_vel,0.0000
1786391913.690594,/costmap_app/stop_active,False
1786391913.730030,/cmd_vel,0.0000
1786391913.730055,monitor_status,CLEAR|window_clear|FUSION_ACTIVE|depth_age=0.028
1786391913.771007,/cmd_vel,0.0000
1786391913.790183,/costmap_app/stop_active,False
1786391913.818263,/cmd_vel,0.0000
1786391913.857043,/cmd_vel_raw,0.0500
1786391913.868716,/cmd_vel,0.0000
1786391913.886126,/costmap_app/obstacle_detected,False
1786391913.888800,/costmap_app/stop_active,False
1786391913.916802,/cmd_vel,0.0000
1786391913.923090,monitor_status,CLEAR|window_clear|FUSION_ACTIVE|depth_age=0.015
1786391913.960188,/cmd_vel_raw,0.0500
1786391913.967687,/cmd_vel,0.0000
1786391913.991517,/costmap_app/stop_active,False
1786391914.014897,/cmd_vel,0.0000
1786391914.057287,/cmd_vel_raw,0.0500
1786391914.064746,/cmd_vel,0.0000
1786391914.067212,/costmap_app/obstacle_detected,False
1786391914.089065,/costmap_app/stop_active,False
1786391914.107969,monitor_status,CLEAR|window_clear|FUSION_ACTIVE|depth_age=0.052
1786391914.115229,/cmd_vel,0.0000
1786391914.161562,/cmd_vel_raw,0.0500
1786391914.167167,/cmd_vel,0.0000
1786391914.189368,/costmap_app/stop_active,False
1786391914.215757,/cmd_vel,0.0000
1786391914.257346,/cmd_vel_raw,0.0500
1786391914.264979,/costmap_app/obstacle_detected,False
1786391914.267161,/cmd_vel,0.0000
1786391914.290174,/costmap_app/stop_active,False
1786391914.311078,monitor_status,CLEAR|window_clear|FUSION_ACTIVE|depth_age=0.044
1786391914.314967,/cmd_vel,0.0000
1786391914.358309,/cmd_vel_raw,0.0500
1786391914.365790,/cmd_vel,0.0000
1786391914.391415,/costmap_app/stop_active,False
1786391914.427103,/cmd_vel,0.0000
1786391914.460338,/cmd_vel_raw,0.0500
1786391914.466442,/cmd_vel,0.0000
1786391914.493661,/costmap_app/stop_active,False
1786391914.514803,/cmd_vel,0.0000
1786391914.563694,/costmap_app/obstacle_detected,False
1786391914.568873,/cmd_vel,0.0000
1786391914.583393,/cmd_vel_raw,0.0500
1786391914.589210,monitor_status,CLEAR|window_clear|FUSION_ACTIVE|depth_age=0.227
1786391914.599150,/costmap_app/stop_active,False
1786391914.623930,/cmd_vel,0.0000
1786391914.661380,/cmd_vel_raw,0.0500
1786391914.669271,/cmd_vel,0.0000
1786391914.690849,/costmap_app/stop_active,False
1786391914.721049,/cmd_vel,0.0000
1786391914.725379,monitor_status,CLEAR|window_clear|FUSION_ACTIVE|depth_age=0.001
1786391914.758301,/cmd_vel_raw,0.0500
1786391914.761048,/costmap_app/obstacle_detected,False
1786391914.767383,/cmd_vel,0.0000
1786391914.787972,/costmap_app/stop_active,False
1786391914.819838,/cmd_vel,0.0000
1786391914.857222,/cmd_vel_raw,0.0500
1786391914.865261,/cmd_vel,0.0000
1786391914.890777,/costmap_app/stop_active,False
1786391914.911497,monitor_status,CLEAR|window_clear|FUSION_ACTIVE|depth_age=0.047
1786391914.914778,/cmd_vel,0.0000
1786391914.958198,/cmd_vel_raw,0.0500
1786391914.964328,/costmap_app/obstacle_detected,False
1786391914.967330,/cmd_vel,0.0000
1786391914.990952,/costmap_app/stop_active,False
1786391915.015529,/cmd_vel,0.0000
1786391915.059483,/cmd_vel_raw,0.0500
1786391915.061340,/costmap_app/obstacle_detected,False
1786391915.064580,/cmd_vel,0.0000
1786391915.088366,/costmap_app/stop_active,False
1786391915.109142,monitor_status,CLEAR|window_clear|FUSION_ACTIVE|depth_age=0.006
1786391915.114326,/cmd_vel,0.0000
1786391915.157374,/cmd_vel_raw,0.0500
1786391915.161943,/costmap_app/obstacle_detected,False
1786391915.164957,/cmd_vel,0.0000
1786391915.191609,/costmap_app/stop_active,False
1786391915.216350,/cmd_vel,0.0000
1786391915.258143,/cmd_vel_raw,0.0500
1786391915.263442,/costmap_app/obstacle_detected,False
1786391915.264659,/cmd_vel,0.0000
1786391915.288217,/costmap_app/stop_active,False
1786391915.311671,monitor_status,CLEAR|window_clear|FUSION_ACTIVE|depth_age=0.006
1786391915.315885,/cmd_vel,0.0000
1786391915.358120,/cmd_vel_raw,0.0500
1786391915.368046,/cmd_vel,0.0000
1786391915.388713,/costmap_app/stop_active,False
1786391915.415164,/cmd_vel,0.0000
1786391915.466017,/costmap_app/obstacle_detected,False
1786391915.480602,/cmd_vel,0.0000
1786391915.480628,/cmd_vel_raw,0.0500
1786391915.497757,/cmd_vel_unsafe,0.0500
1786391915.497778,/costmap_app/stop_active,False
1786391915.511217,monitor_status,CLEAR|window_clear|FUSION_ACTIVE|depth_age=0.137
1786391915.529317,/cmd_vel,0.0500
1786391915.560397,/cmd_vel_raw,0.0500
1786391915.568983,/cmd_vel,0.0500
1786391915.589196,/cmd_vel_unsafe,0.0500
1786391915.589221,/costmap_app/stop_active,False
1786391915.616860,/cmd_vel,0.0500
1786391915.658452,/cmd_vel_raw,0.0500
1786391915.664284,/costmap_app/obstacle_detected,False
1786391915.664901,/cmd_vel,0.0500
1786391915.695532,/cmd_vel_unsafe,0.0500
1786391915.695558,/costmap_app/stop_active,False
1786391915.712317,monitor_status,CLEAR|window_clear|FUSION_ACTIVE|depth_age=0.004
1786391915.716310,/cmd_vel,0.0500
1786391915.757210,/cmd_vel_raw,0.0500
1786391915.766912,/cmd_vel,0.0500
1786391915.789390,/cmd_vel_unsafe,0.0500
1786391915.789415,/costmap_app/stop_active,False
1786391915.815506,/cmd_vel,0.0500
1786391915.858652,/cmd_vel_raw,0.0500
1786391915.864969,/cmd_vel,0.0500
1786391915.865185,/costmap_app/obstacle_detected,False
1786391915.890178,/cmd_vel_unsafe,0.0500
1786391915.891004,/costmap_app/stop_active,False
1786391915.912488,monitor_status,CLEAR|window_clear|FUSION_ACTIVE|depth_age=0.004
1786391915.914886,/cmd_vel,0.0500
1786391915.959332,/cmd_vel_raw,0.0500
1786391915.965858,/cmd_vel,0.0500
1786391915.990573,/cmd_vel_unsafe,0.0500
1786391915.990591,/costmap_app/stop_active,False
1786391916.014492,/cmd_vel,0.0500
1786391916.059392,/cmd_vel_raw,0.0500
1786391916.060809,/costmap_app/obstacle_detected,False
1786391916.065547,/cmd_vel,0.0500
1786391916.089080,/cmd_vel_unsafe,0.0500
1786391916.089140,/costmap_app/stop_active,False
1786391916.109858,monitor_status,CLEAR|window_clear|FUSION_ACTIVE|depth_age=0.004
1786391916.115831,/cmd_vel,0.0500
1786391916.157031,/cmd_vel_raw,0.0500
1786391916.164603,/cmd_vel,0.0500
1786391916.190776,/cmd_vel_unsafe,0.0500
1786391916.190799,/costmap_app/stop_active,False
1786391916.216209,/cmd_vel,0.0500
1786391916.259392,/cmd_vel_raw,0.0500
1786391916.262349,/costmap_app/obstacle_detected,False
1786391916.266044,/cmd_vel,0.0500
1786391916.291077,/cmd_vel_unsafe,0.0500
1786391916.291099,/costmap_app/stop_active,False
1786391916.310628,monitor_status,CLEAR|window_clear|FUSION_ACTIVE|depth_age=0.006
1786391916.315266,/cmd_vel,0.0500
1786391916.359214,/cmd_vel_raw,0.0500
1786391916.366089,/cmd_vel,0.0500
1786391916.389643,/cmd_vel_unsafe,0.0500
1786391916.391337,/costmap_app/stop_active,False
1786391916.415369,/cmd_vel,0.0500
1786391916.459255,/cmd_vel_raw,0.0500
1786391916.469431,/cmd_vel,0.0500
1786391916.489870,/cmd_vel_unsafe,0.0500
1786391916.491394,/costmap_app/stop_active,False
1786391916.511063,monitor_status,CLEAR|window_clear|FUSION_ACTIVE|depth_age=0.068
1786391916.511084,/costmap_app/obstacle_detected,False
1786391916.515668,/cmd_vel,0.0500
1786391916.559412,/cmd_vel_raw,0.0500
1786391916.559816,/costmap_app/obstacle_detected,False
1786391916.565901,/cmd_vel,0.0500
1786391916.588494,/cmd_vel_unsafe,0.0500
1786391916.588515,/costmap_app/stop_active,False
1786391916.614763,/cmd_vel,0.0500
1786391916.663505,/cmd_vel_raw,0.0500
1786391916.666439,/cmd_vel,0.0500
1786391916.688242,/cmd_vel_unsafe,0.0500
1786391916.688267,/costmap_app/stop_active,False
1786391916.710307,monitor_status,CLEAR|window_clear|FUSION_ACTIVE|depth_age=0.049
1786391916.721988,/cmd_vel,0.0500
1786391916.762042,/cmd_vel_raw,0.0500
1786391916.766833,/cmd_vel,0.0500
1786391916.788334,/cmd_vel_unsafe,0.0500
1786391916.788356,/costmap_app/stop_active,False
1786391916.809174,/costmap_app/obstacle_detected,False
1786391916.815577,/cmd_vel,0.0500
1786391916.856967,/cmd_vel_raw,0.0500
1786391916.864975,/cmd_vel,0.0500
1786391916.888411,/cmd_vel_unsafe,0.0500
1786391916.888434,/costmap_app/stop_active,False
1786391916.909898,monitor_status,CLEAR|window_clear|FUSION_ACTIVE|depth_age=0.005
1786391916.914192,/cmd_vel,0.0500
1786391916.957903,/cmd_vel_raw,0.0500
1786391916.958949,/costmap_app/obstacle_detected,False
1786391916.964349,/cmd_vel,0.0500
1786391916.989062,/cmd_vel_unsafe,0.0500
1786391916.989082,/costmap_app/stop_active,False
1786391917.016299,/cmd_vel,0.0500
1786391917.057709,/cmd_vel_raw,0.0500
1786391917.058354,/costmap_app/obstacle_detected,False
1786391917.064523,/cmd_vel,0.0500
1786391917.090329,/cmd_vel_unsafe,0.0500
1786391917.090350,/costmap_app/stop_active,False
1786391917.110332,monitor_status,CLEAR|window_clear|FUSION_ACTIVE|depth_age=0.004
1786391917.114251,/cmd_vel,0.0500
1786391917.158245,/cmd_vel_raw,0.0500
1786391917.164289,/cmd_vel,0.0500
1786391917.188990,/cmd_vel_unsafe,0.0500
1786391917.189150,/costmap_app/stop_active,False
1786391917.215491,/cmd_vel,0.0500
1786391917.257842,/cmd_vel_raw,0.0500
1786391917.265490,/cmd_vel,0.0500
1786391917.288102,/cmd_vel_unsafe,0.0500
1786391917.288124,/costmap_app/stop_active,False
1786391917.310085,/costmap_app/obstacle_detected,False
1786391917.313741,monitor_status,CLEAR|window_clear|FUSION_ACTIVE|depth_age=0.066
1786391917.314809,/cmd_vel,0.0500
1786391917.357803,/cmd_vel_raw,0.0500
1786391917.366099,/cmd_vel,0.0500
1786391917.387746,/cmd_vel_unsafe,0.0500
1786391917.387784,/costmap_app/stop_active,False
1786391917.416596,/cmd_vel,0.0500
1786391917.458752,/cmd_vel_raw,0.0500
1786391917.459213,/costmap_app/obstacle_detected,False
1786391917.464226,/cmd_vel,0.0500
1786391917.489148,/cmd_vel_unsafe,0.0500
1786391917.490569,/costmap_app/stop_active,False
1786391917.509037,monitor_status,CLEAR|window_clear|FUSION_ACTIVE|depth_age=0.061
1786391917.514864,/cmd_vel,0.0500
1786391917.558930,/cmd_vel_raw,0.0500
1786391917.564248,/cmd_vel,0.0500
1786391917.589643,/cmd_vel_unsafe,0.0500
1786391917.589668,/costmap_app/stop_active,False
1786391917.615579,/cmd_vel,0.0500
1786391917.661892,/cmd_vel_raw,0.0500
1786391917.663816,/costmap_app/obstacle_detected,False
1786391917.665599,/cmd_vel,0.0500
1786391917.689107,/cmd_vel_unsafe,0.0500
1786391917.689621,/costmap_app/stop_active,False
1786391917.708169,monitor_status,CLEAR|window_clear|FUSION_ACTIVE|depth_age=0.057
1786391917.714553,/cmd_vel,0.0500
1786391917.758545,/costmap_app/obstacle_detected,False
1786391917.758569,/cmd_vel_raw,0.0500
1786391917.764181,/cmd_vel,0.0500
1786391917.788602,/cmd_vel_unsafe,0.0500
1786391917.788645,/costmap_app/stop_active,False
1786391917.814259,/cmd_vel,0.0500
1786391917.858142,/cmd_vel_raw,0.0500
1786391917.864623,/cmd_vel,0.0500
1786391917.888580,/cmd_vel_unsafe,0.0500
1786391917.888600,/costmap_app/stop_active,False
1786391917.910243,monitor_status,CLEAR|window_clear|FUSION_ACTIVE|depth_age=0.058
1786391917.915363,/cmd_vel,0.0500
1786391917.958148,/cmd_vel_raw,0.0500
1786391917.959512,/costmap_app/obstacle_detected,False
1786391917.964636,/cmd_vel,0.0500
1786391917.989833,/cmd_vel_unsafe,0.0500
1786391917.989853,/costmap_app/stop_active,False
1786391918.014177,/cmd_vel,0.0500
1786391918.058311,/cmd_vel_raw,0.0500
1786391918.064191,/costmap_app/obstacle_detected,False
1786391918.064968,/cmd_vel,0.0500
1786391918.088398,/cmd_vel_unsafe,0.0500
1786391918.089065,/costmap_app/stop_active,False
1786391918.107541,monitor_status,CLEAR|window_clear|FUSION_ACTIVE|depth_age=0.042
1786391918.120106,/cmd_vel,0.0500
1786391918.157600,/cmd_vel_raw,0.0500
1786391918.171048,/cmd_vel,0.0500
1786391918.190888,/cmd_vel_unsafe,0.0500
1786391918.191100,/costmap_app/stop_active,False
1786391918.216852,/cmd_vel,0.0500
1786391918.259923,/cmd_vel_raw,0.0500
1786391918.266087,/cmd_vel,0.0500
1786391918.292382,/cmd_vel_unsafe,0.0500
1786391918.292421,/costmap_app/stop_active,False
1786391918.310056,/costmap_app/obstacle_detected,False
1786391918.311430,monitor_status,CLEAR|window_clear|FUSION_ACTIVE|depth_age=0.030
1786391918.315713,/cmd_vel,0.0500
1786391918.359518,/cmd_vel_raw,0.0500
1786391918.364195,/cmd_vel,0.0500
1786391918.390820,/cmd_vel_unsafe,0.0500
1786391918.390932,/costmap_app/stop_active,False
1786391918.414163,/cmd_vel,0.0500
1786391918.457727,/cmd_vel_raw,0.0500
1786391918.458288,/costmap_app/obstacle_detected,False
1786391918.465310,/cmd_vel,0.0500
1786391918.489933,/cmd_vel_unsafe,0.0500
1786391918.489987,/costmap_app/stop_active,False
1786391918.510508,monitor_status,CLEAR|window_clear|FUSION_ACTIVE|depth_age=0.037
1786391918.518947,/cmd_vel,0.0500
1786391918.556945,/cmd_vel_raw,0.0500
1786391918.559044,/costmap_app/obstacle_detected,False
1786391918.566314,/cmd_vel,0.0500
1786391918.587768,/cmd_vel_unsafe,0.0500
1786391918.587855,/costmap_app/stop_active,False
1786391918.614793,/cmd_vel,0.0500
1786391918.658027,/cmd_vel_raw,0.0500
1786391918.666659,/cmd_vel,0.0500
1786391918.687702,/cmd_vel_unsafe,0.0500
1786391918.687773,/costmap_app/stop_active,False
1786391918.707452,monitor_status,CLEAR|window_clear|FUSION_ACTIVE|depth_age=0.041
1786391918.721053,/cmd_vel,0.0500
1786391918.757274,/cmd_vel_raw,0.0500
1786391918.760241,/costmap_app/obstacle_detected,False
1786391918.764128,/cmd_vel,0.0500
1786391918.788981,/cmd_vel_unsafe,0.0500
1786391918.788999,/costmap_app/stop_active,False
1786391918.814263,/cmd_vel,0.0500
1786391918.858276,/cmd_vel_raw,0.0500
1786391918.859333,/costmap_app/obstacle_detected,False
1786391918.864878,/cmd_vel,0.0500
1786391918.887717,/cmd_vel_unsafe,0.0500
1786391918.888021,/costmap_app/stop_active,False
1786391918.907661,monitor_status,CLEAR|window_clear|FUSION_ACTIVE|depth_age=0.036
1786391918.915307,/cmd_vel,0.0500
1786391918.958146,/cmd_vel_raw,0.0500
1786391918.964241,/cmd_vel,0.0500
1786391918.994084,/cmd_vel_unsafe,0.0500
1786391918.994109,/costmap_app/stop_active,False
1786391919.014748,/cmd_vel,0.0500
1786391919.059779,/costmap_app/obstacle_detected,False
1786391919.059802,/cmd_vel_raw,0.0500
1786391919.065655,/cmd_vel,0.0500
1786391919.088258,/cmd_vel_unsafe,0.0500
1786391919.088435,/costmap_app/stop_active,False
1786391919.107414,monitor_status,CLEAR|window_clear|FUSION_ACTIVE|depth_age=0.031
1786391919.114257,/cmd_vel,0.0500
1786391919.157996,/cmd_vel_raw,0.0500
1786391919.159582,/costmap_app/obstacle_detected,False
1786391919.164627,/cmd_vel,0.0500
1786391919.190678,/cmd_vel_unsafe,0.0500
1786391919.190701,/costmap_app/stop_active,False
1786391919.215327,/cmd_vel,0.0500
1786391919.257708,/cmd_vel_raw,0.0500
1786391919.264436,/cmd_vel,0.0500
1786391919.290064,/cmd_vel_unsafe,0.0500
1786391919.290093,/costmap_app/stop_active,False
1786391919.307398,monitor_status,CLEAR|window_clear|FUSION_ACTIVE|depth_age=0.021
1786391919.314264,/cmd_vel,0.0500
1786391919.357707,/cmd_vel_raw,0.0500
1786391919.364379,/cmd_vel,0.0500
1786391919.387899,/cmd_vel_unsafe,0.0500
1786391919.387917,/costmap_app/stop_active,False
1786391919.409202,/costmap_app/obstacle_detected,False
1786391919.415641,/cmd_vel,0.0500
1786391919.458363,/cmd_vel_raw,0.0500
1786391919.465575,/cmd_vel,0.0500
1786391919.492633,/cmd_vel_unsafe,0.0500
1786391919.492657,/costmap_app/stop_active,False
1786391919.507475,monitor_status,CLEAR|window_clear|FUSION_ACTIVE|depth_age=0.010
1786391919.515218,/cmd_vel,0.0500
1786391919.562000,/cmd_vel_raw,0.0500
1786391919.564483,/cmd_vel,0.0500
1786391919.588668,/cmd_vel_unsafe,0.0500
1786391919.588687,/costmap_app/stop_active,False
1786391919.608947,/costmap_app/obstacle_detected,False
1786391919.614245,/cmd_vel,0.0500
1786391919.659404,/cmd_vel_raw,0.0500
1786391919.670076,/cmd_vel,0.0500
1786391919.670910,/costmap_app/obstacle_detected,False
1786391919.690232,/cmd_vel_unsafe,0.0500
1786391919.690255,/costmap_app/stop_active,False
1786391919.707412,monitor_status,CLEAR|window_clear|FUSION_ACTIVE|depth_age=0.018
1786391919.714161,/cmd_vel,0.0500
1786391919.758636,/cmd_vel_raw,0.0500
1786391919.764828,/cmd_vel,0.0500
1786391919.788721,/cmd_vel_unsafe,0.0500
1786391919.788901,/costmap_app/stop_active,False
1786391919.814714,/cmd_vel,0.0500
1786391919.865389,/cmd_vel_raw,0.0500
1786391919.867281,/cmd_vel,0.0500
1786391919.870808,/costmap_app/obstacle_detected,False
1786391919.889744,/cmd_vel_unsafe,0.0500
1786391919.890803,/costmap_app/stop_active,False
1786391919.907845,monitor_status,CLEAR|window_clear|FUSION_ACTIVE|depth_age=0.012
1786391919.914157,/cmd_vel,0.0500
1786391919.957881,/cmd_vel_raw,0.0500
1786391919.965582,/costmap_app/obstacle_detected,False
1786391919.966826,/cmd_vel,0.0500
1786391919.987700,/cmd_vel_unsafe,0.0500
1786391919.989555,/costmap_app/stop_active,False
1786391920.016224,/cmd_vel,0.0500
1786391920.057695,/cmd_vel_raw,0.0500
1786391920.065851,/cmd_vel,0.0500
1786391920.088349,/cmd_vel_unsafe,0.0500
1786391920.088370,/costmap_app/stop_active,False
1786391920.107446,monitor_status,CLEAR|window_clear|FUSION_ACTIVE|depth_age=0.009
1786391920.114298,/cmd_vel,0.0500
1786391920.158335,/cmd_vel_raw,0.0500
1786391920.160559,/costmap_app/obstacle_detected,False
1786391920.164245,/cmd_vel,0.0500
1786391920.189195,/cmd_vel_unsafe,0.0500
1786391920.189605,/costmap_app/stop_active,False
1786391920.216235,/cmd_vel,0.0500
1786391920.257023,/cmd_vel_raw,0.0500
1786391920.258837,/costmap_app/obstacle_detected,False
1786391920.264166,/cmd_vel,0.0500
1786391920.288300,/cmd_vel_unsafe,0.0500
1786391920.288342,/costmap_app/stop_active,False
1786391920.308565,monitor_status,CLEAR|window_clear|FUSION_ACTIVE|depth_age=0.005
1786391920.314261,/cmd_vel,0.0500
1786391920.360117,/cmd_vel_raw,0.0500
1786391920.367026,/cmd_vel,0.0500
1786391920.387758,/cmd_vel_unsafe,0.0500
1786391920.387888,/costmap_app/stop_active,False
1786391920.418912,/cmd_vel,0.0500
1786391920.456968,/cmd_vel_raw,0.0500
1786391920.458857,/costmap_app/obstacle_detected,False
1786391920.465120,/cmd_vel,0.0500
1786391920.490651,/cmd_vel_unsafe,0.0500
1786391920.490670,/costmap_app/stop_active,False
1786391920.508969,monitor_status,CLEAR|window_clear|FUSION_ACTIVE|depth_age=0.003
1786391920.514274,/cmd_vel,0.0500
1786391920.556994,/cmd_vel_raw,0.0500
1786391920.571368,/cmd_vel,0.0500
1786391920.588006,/cmd_vel_unsafe,0.0500
1786391920.589300,/costmap_app/stop_active,False
1786391920.615641,/cmd_vel,0.0500
1786391920.656950,/cmd_vel_raw,0.0500
1786391920.658515,/costmap_app/obstacle_detected,False
1786391920.665127,/cmd_vel,0.0500
1786391920.690443,/cmd_vel_unsafe,0.0500
1786391920.690465,/costmap_app/stop_active,False
1786391920.709464,monitor_status,CLEAR|window_clear|FUSION_ACTIVE|depth_age=0.068
1786391920.716643,/cmd_vel,0.0500
1786391920.762096,/cmd_vel_raw,0.0500
1786391920.764259,/cmd_vel,0.0500
1786391920.789725,/cmd_vel_unsafe,0.0500
1786391920.789745,/costmap_app/stop_active,False
1786391920.817223,/cmd_vel,0.0500
1786391920.857133,/cmd_vel_raw,0.0500
1786391920.858570,/costmap_app/obstacle_detected,False
1786391920.864174,/cmd_vel,0.0500
1786391920.890159,/cmd_vel_unsafe,0.0500
1786391920.890181,/costmap_app/stop_active,False
1786391920.914112,monitor_status,CLEAR|window_clear|FUSION_ACTIVE|depth_age=0.002
1786391920.914533,/cmd_vel,0.0500
1786391920.961751,/costmap_app/obstacle_detected,False
1786391920.962534,/cmd_vel_raw,0.0500
1786391920.964178,/cmd_vel,0.0500
1786391920.988377,/cmd_vel_unsafe,0.0500
1786391920.989853,/costmap_app/stop_active,False
1786391921.017806,/cmd_vel,0.0500
1786391921.056972,/cmd_vel_raw,0.0500
1786391921.064186,/cmd_vel,0.0500
1786391921.087930,/cmd_vel_unsafe,0.0500
1786391921.087949,/costmap_app/stop_active,False
1786391921.108988,monitor_status,CLEAR|window_clear|FUSION_ACTIVE|depth_age=0.060
1786391921.115672,/cmd_vel,0.0500
1786391921.159254,/cmd_vel_raw,0.0500
1786391921.160872,/costmap_app/obstacle_detected,False
1786391921.164787,/cmd_vel,0.0500
1786391921.193718,/cmd_vel_unsafe,0.0500
1786391921.193740,/costmap_app/stop_active,False
1786391921.215044,/cmd_vel,0.0500
1786391921.260544,/cmd_vel_raw,0.0500
1786391921.263213,/costmap_app/obstacle_detected,False
1786391921.264301,/cmd_vel,0.0500
1786391921.291921,/cmd_vel_unsafe,0.0500
1786391921.291949,/costmap_app/stop_active,False
1786391921.307508,monitor_status,CLEAR|window_clear|FUSION_ACTIVE|depth_age=0.041
1786391921.318285,/cmd_vel,0.0500
1786391921.360885,/cmd_vel_raw,0.0500
1786391921.366277,/cmd_vel,0.0500
1786391921.388692,/cmd_vel_unsafe,0.0500
1786391921.388713,/costmap_app/stop_active,False
1786391921.414463,/cmd_vel,0.0500
1786391921.461436,/cmd_vel_raw,0.0500
1786391921.465872,/cmd_vel,0.0500
1786391921.489989,/cmd_vel_unsafe,0.0500
1786391921.490012,/costmap_app/stop_active,False
1786391921.512958,/costmap_app/obstacle_detected,False
1786391921.513473,monitor_status,CLEAR|window_clear|FUSION_ACTIVE|depth_age=0.057
1786391921.518804,/cmd_vel,0.0500
1786391921.557058,/cmd_vel_raw,0.0500
1786391921.559210,/costmap_app/obstacle_detected,False
1786391921.564200,/cmd_vel,0.0500
1786391921.589227,/cmd_vel_unsafe,0.0500
1786391921.589249,/costmap_app/stop_active,False
1786391921.614222,/cmd_vel,0.0500
1786391921.658534,/cmd_vel_raw,0.0500
1786391921.667940,/cmd_vel,0.0500
1786391921.689057,/cmd_vel_unsafe,0.0500
1786391921.689078,/costmap_app/stop_active,False
1786391921.708812,monitor_status,CLEAR|window_clear|FUSION_ACTIVE|depth_age=0.038
1786391921.715575,/cmd_vel,0.0500
1786391921.757011,/cmd_vel_raw,0.0500
1786391921.758789,/costmap_app/obstacle_detected,False
1786391921.766056,/cmd_vel,0.0500
1786391921.790252,/cmd_vel_unsafe,0.0500
1786391921.790279,/costmap_app/stop_active,False
1786391921.818698,/cmd_vel,0.0500
1786391921.861690,/cmd_vel_raw,0.0500
1786391921.867163,/cmd_vel,0.0500
1786391921.889711,/cmd_vel_unsafe,0.0500
1786391921.891032,/costmap_app/stop_active,False
1786391921.914961,/cmd_vel,0.0500
1786391921.914986,monitor_status,CLEAR|window_clear|FUSION_ACTIVE|depth_age=0.005
1786391921.958143,/cmd_vel_raw,0.0500
1786391921.965865,/costmap_app/obstacle_detected,False
1786391921.968500,/cmd_vel,0.0500
1786391921.991037,/cmd_vel_unsafe,0.0500
1786391921.991057,/costmap_app/stop_active,False
1786391922.015136,/cmd_vel,0.0500
1786391922.058786,/cmd_vel_raw,0.0500
1786391922.064479,/cmd_vel,0.0500
1786391922.088146,/cmd_vel_unsafe,0.0500
1786391922.088166,/costmap_app/stop_active,False
1786391922.109418,/costmap_app/obstacle_detected,False
1786391922.110075,monitor_status,CLEAR|window_clear|FUSION_ACTIVE|depth_age=0.035
1786391922.117111,/cmd_vel,0.0500
1786391922.157927,/cmd_vel_raw,0.0500
1786391922.163102,/costmap_app/obstacle_detected,False
1786391922.164870,/cmd_vel,0.0500
1786391922.189425,/cmd_vel_unsafe,0.0500
1786391922.189655,/costmap_app/stop_active,False
1786391922.217721,/cmd_vel,0.0500
1786391922.258355,/cmd_vel_raw,0.0500
1786391922.265053,/cmd_vel,0.0500
1786391922.289077,/cmd_vel_unsafe,0.0500
1786391922.289780,/costmap_app/stop_active,False
1786391922.307681,monitor_status,CLEAR|window_clear|FUSION_ACTIVE|depth_age=0.028
1786391922.317229,/cmd_vel,0.0500
1786391922.358256,/cmd_vel_raw,0.0500
1786391922.362144,/costmap_app/obstacle_detected,False
1786391922.366136,/cmd_vel,0.0500
1786391922.391783,/cmd_vel_unsafe,0.0500
1786391922.391825,/costmap_app/stop_active,False
1786391922.415102,/cmd_vel,0.0500
1786391922.462315,/cmd_vel_raw,0.0500
1786391922.467373,/cmd_vel,0.0500
1786391922.489120,/cmd_vel_unsafe,0.0500
1786391922.489454,/costmap_app/stop_active,False
1786391922.508379,monitor_status,CLEAR|window_clear|FUSION_ACTIVE|depth_age=0.044
1786391922.517935,/cmd_vel,0.0500
1786391922.559400,/costmap_app/obstacle_detected,False
1786391922.559423,/cmd_vel_raw,0.0500
1786391922.564348,/cmd_vel,0.0500
1786391922.588257,/cmd_vel_unsafe,0.0500
1786391922.589312,/costmap_app/stop_active,False
1786391922.614726,/cmd_vel,0.0500
1786391922.662116,/cmd_vel_raw,0.0500
1786391922.664442,/cmd_vel,0.0500
1786391922.687763,/cmd_vel_unsafe,0.0500
1786391922.687783,/costmap_app/stop_active,False
1786391922.715109,monitor_status,CLEAR|window_clear|FUSION_ACTIVE|depth_age=0.061
1786391922.715134,/costmap_app/obstacle_detected,False
1786391922.715514,/cmd_vel,0.0500
1786391922.757029,/cmd_vel_raw,0.0500
1786391922.766577,/cmd_vel,0.0500
1786391922.793723,/cmd_vel_unsafe,0.0500
1786391922.793801,/costmap_app/stop_active,False
1786391922.822362,/cmd_vel,0.0500
1786391922.860426,/cmd_vel_raw,0.0500
1786391922.870450,/cmd_vel,0.0500
1786391922.894606,/cmd_vel_unsafe,0.0500
1786391922.894634,/costmap_app/stop_active,False
1786391922.914383,/cmd_vel,0.0500
1786391922.916621,/costmap_app/obstacle_detected,False
1786391922.916671,monitor_status,CLEAR|window_clear|FUSION_ACTIVE|depth_age=0.102
1786391922.959090,/cmd_vel_raw,0.0500
1786391922.966108,/cmd_vel,0.0500
1786391922.991048,/cmd_vel_unsafe,0.0500
1786391922.991098,/costmap_app/stop_active,False
1786391923.015171,/cmd_vel,0.0500
1786391923.060559,/cmd_vel_raw,0.0500
1786391923.069374,/cmd_vel,0.0500
1786391923.088366,/cmd_vel_unsafe,0.0500
1786391923.089187,/costmap_app/stop_active,False
1786391923.112366,monitor_status,CLEAR|window_clear|FUSION_ACTIVE|depth_age=0.048
1786391923.112386,/costmap_app/obstacle_detected,False
1786391923.114189,/cmd_vel,0.0500
1786391923.157841,/cmd_vel_raw,0.0500
1786391923.169044,/cmd_vel,0.0500
1786391923.194863,/cmd_vel_unsafe,0.0500
1786391923.196328,/costmap_app/stop_active,False
1786391923.215110,/cmd_vel,0.0500
1786391923.257404,/cmd_vel_raw,0.0500
1786391923.266469,/cmd_vel,0.0500
1786391923.287764,/cmd_vel_unsafe,0.0500
1786391923.287786,/costmap_app/stop_active,False
1786391923.313241,/costmap_app/obstacle_detected,False
1786391923.314483,/cmd_vel,0.0500
1786391923.317070,monitor_status,CLEAR|window_clear|FUSION_ACTIVE|depth_age=0.058
1786391923.361439,/cmd_vel_raw,0.0500
1786391923.367784,/cmd_vel,0.0500
1786391923.389244,/cmd_vel_unsafe,0.0500
1786391923.389266,/costmap_app/stop_active,False
1786391923.417158,/cmd_vel,0.0500
1786391923.460323,/cmd_vel_raw,0.0500
1786391923.466624,/cmd_vel,0.0500
1786391923.473494,/costmap_app/obstacle_detected,False
1786391923.487823,/cmd_vel_unsafe,0.0500
1786391923.487846,/costmap_app/stop_active,False
1786391923.513419,monitor_status,CLEAR|window_clear|FUSION_ACTIVE|depth_age=0.044
1786391923.515126,/cmd_vel,0.0500
1786391923.558995,/costmap_app/obstacle_detected,False
1786391923.559022,/cmd_vel_raw,0.0500
1786391923.570221,/cmd_vel,0.0500
1786391923.588069,/cmd_vel_unsafe,0.0500
1786391923.588090,/costmap_app/stop_active,False
1786391923.616668,/cmd_vel,0.0500
1786391923.660491,/cmd_vel_raw,0.0500
1786391923.661421,/costmap_app/obstacle_detected,False
1786391923.664286,/cmd_vel,0.0500
1786391923.688010,/cmd_vel_unsafe,0.0500
1786391923.688030,/costmap_app/stop_active,False
1786391923.711148,monitor_status,CLEAR|window_clear|FUSION_ACTIVE|depth_age=0.057
1786391923.714272,/cmd_vel,0.0500
1786391923.758211,/cmd_vel_raw,0.0500
1786391923.764568,/cmd_vel,0.0500
1786391923.788280,/cmd_vel_unsafe,0.0500
1786391923.788524,/costmap_app/stop_active,False
1786391923.817393,/cmd_vel,0.0500
1786391923.858974,/cmd_vel_raw,0.0500
1786391923.866916,/cmd_vel,0.0500
1786391923.888148,/cmd_vel_unsafe,0.0500
1786391923.888167,/costmap_app/stop_active,False
1786391923.914791,/costmap_app/obstacle_detected,False
1786391923.915344,/cmd_vel,0.0500
1786391923.917343,monitor_status,CLEAR|window_clear|FUSION_ACTIVE|depth_age=0.063
1786391923.957407,/cmd_vel_raw,0.0500
1786391923.964881,/cmd_vel,0.0500
1786391923.987798,/cmd_vel_unsafe,0.0500
1786391923.987840,/costmap_app/stop_active,False
1786391924.019740,/cmd_vel,0.0500
1786391924.057718,/cmd_vel_raw,0.0500
1786391924.064234,/cmd_vel,0.0500
1786391924.089014,/cmd_vel_unsafe,0.0500
1786391924.089034,/costmap_app/stop_active,False
1786391924.116147,/cmd_vel,0.0500
1786391924.116170,monitor_status,CLEAR|window_clear|FUSION_ACTIVE|depth_age=0.056
1786391924.116178,/costmap_app/obstacle_detected,False
1786391924.161580,/cmd_vel_raw,0.0500
1786391924.166255,/cmd_vel,0.0500
1786391924.189496,/cmd_vel_unsafe,0.0500
1786391924.189521,/costmap_app/stop_active,False
1786391924.216387,/cmd_vel,0.0500
1786391924.259552,/costmap_app/obstacle_detected,False
1786391924.259665,/cmd_vel_raw,0.0500
1786391924.267619,/cmd_vel,0.0500
1786391924.295881,/cmd_vel_unsafe,0.0500
1786391924.295919,/costmap_app/stop_active,False
1786391924.307850,monitor_status,CLEAR|window_clear|FUSION_ACTIVE|depth_age=0.023
1786391924.321615,/cmd_vel,0.0500
1786391924.357915,/cmd_vel_raw,0.0500
1786391924.366304,/cmd_vel,0.0500
1786391924.388189,/cmd_vel_unsafe,0.0500
1786391924.388212,/costmap_app/stop_active,False
1786391924.419148,/cmd_vel,0.0500
1786391924.459732,/cmd_vel_raw,0.0500
1786391924.460080,/costmap_app/obstacle_detected,False
1786391924.465877,/cmd_vel,0.0500
1786391924.488869,/cmd_vel_unsafe,0.0500
1786391924.488897,/costmap_app/stop_active,False
1786391924.509697,monitor_status,CLEAR|window_clear|FUSION_ACTIVE|depth_age=0.041
1786391924.514426,/cmd_vel,0.0500
1786391924.558329,/cmd_vel_raw,0.0500
1786391924.567581,/cmd_vel,0.0500
1786391924.588105,/cmd_vel_unsafe,0.0500
1786391924.588782,/costmap_app/stop_active,False
1786391924.608962,/costmap_app/obstacle_detected,False
1786391924.615783,/cmd_vel,0.0500
1786391924.657302,/cmd_vel_raw,0.0500
1786391924.664203,/cmd_vel,0.0500
1786391924.689882,/cmd_vel_unsafe,0.0500
1786391924.690115,/costmap_app/stop_active,False
1786391924.708229,monitor_status,CLEAR|window_clear|FUSION_ACTIVE|depth_age=0.058
1786391924.714238,/cmd_vel,0.0500
1786391924.761721,/cmd_vel_raw,0.0500
1786391924.764851,/costmap_app/obstacle_detected,False
1786391924.765943,/cmd_vel,0.0500
1786391924.793118,/cmd_vel_unsafe,0.0500
1786391924.793583,/costmap_app/stop_active,False
1786391924.814879,/cmd_vel,0.0500
1786391924.858746,/cmd_vel_raw,0.0500
1786391924.864174,/costmap_app/obstacle_detected,False
1786391924.866105,/cmd_vel,0.0500
1786391924.889034,/cmd_vel_unsafe,0.0500
1786391924.889055,/costmap_app/stop_active,False
1786391924.909199,monitor_status,CLEAR|window_clear|FUSION_ACTIVE|depth_age=0.043
1786391924.917130,/cmd_vel,0.0500
1786391924.957930,/cmd_vel_raw,0.0500
1786391924.964543,/cmd_vel,0.0500
1786391924.988320,/cmd_vel_unsafe,0.0500
1786391924.988360,/costmap_app/stop_active,False
1786391925.014200,/cmd_vel,0.0500
1786391925.058915,/cmd_vel_raw,0.0500
1786391925.064569,/cmd_vel,0.0500
1786391925.087958,/cmd_vel_unsafe,0.0500
1786391925.087979,/costmap_app/stop_active,False
1786391925.109221,monitor_status,CLEAR|window_clear|FUSION_ACTIVE|depth_age=0.049
1786391925.109245,/costmap_app/obstacle_detected,False
1786391925.114313,/cmd_vel,0.0500
1786391925.156971,/cmd_vel_raw,0.0500
1786391925.165079,/cmd_vel,0.0500
1786391925.188219,/cmd_vel_unsafe,0.0500
1786391925.188238,/costmap_app/stop_active,False
1786391925.214263,/cmd_vel,0.0500
1786391925.257909,/cmd_vel_raw,0.0500
1786391925.259926,/costmap_app/obstacle_detected,False
1786391925.267113,/cmd_vel,0.0500
1786391925.288005,/cmd_vel_unsafe,0.0500
1786391925.288558,/costmap_app/stop_active,False
1786391925.307898,monitor_status,CLEAR|window_clear|FUSION_ACTIVE|depth_age=0.042
1786391925.314308,/cmd_vel,0.0500
1786391925.356954,/cmd_vel_raw,0.0500
1786391925.366514,/cmd_vel,0.0500
1786391925.389337,/cmd_vel_unsafe,0.0500
1786391925.389357,/costmap_app/stop_active,False
1786391925.414203,/cmd_vel,0.0500
1786391925.461041,/cmd_vel_raw,0.0500
1786391925.461725,/costmap_app/obstacle_detected,False
1786391925.464178,/cmd_vel,0.0500
1786391925.488369,/cmd_vel_unsafe,0.0500
1786391925.488468,/costmap_app/stop_active,False
1786391925.508104,monitor_status,CLEAR|window_clear|FUSION_ACTIVE|depth_age=0.035
1786391925.517139,/cmd_vel,0.0500
1786391925.556983,/cmd_vel_raw,0.0500
1786391925.558118,/costmap_app/obstacle_detected,False
1786391925.564137,/cmd_vel,0.0500
1786391925.587929,/cmd_vel_unsafe,0.0500
1786391925.589434,/costmap_app/stop_active,False
1786391925.615221,/cmd_vel,0.0500
1786391925.662229,/cmd_vel_raw,0.0500
1786391925.665076,/cmd_vel,0.0500
1786391925.688934,/cmd_vel_unsafe,0.0500
1786391925.688953,/costmap_app/stop_active,False
1786391925.709278,monitor_status,CLEAR|window_clear|FUSION_ACTIVE|depth_age=0.039
1786391925.714188,/cmd_vel,0.0500
1786391925.756996,/cmd_vel_raw,0.0500
1786391925.765146,/cmd_vel,0.0500
1786391925.787954,/cmd_vel_unsafe,0.0500
1786391925.787975,/costmap_app/stop_active,False
1786391925.816069,/cmd_vel,0.0500
1786391925.816094,/costmap_app/obstacle_detected,False
1786391925.857028,/cmd_vel_raw,0.0500
1786391925.864310,/cmd_vel,0.0500
1786391925.888518,/cmd_vel_unsafe,0.0500
1786391925.888732,/costmap_app/stop_active,False
1786391925.910071,monitor_status,CLEAR|window_clear|FUSION_ACTIVE|depth_age=0.033
1786391925.910097,/costmap_app/obstacle_detected,False
1786391925.914629,/cmd_vel,0.0500
1786391925.957466,/cmd_vel_raw,0.0500
1786391925.958360,/costmap_app/obstacle_detected,False
1786391925.965371,/cmd_vel,0.0500
1786391925.989208,/cmd_vel_unsafe,0.0500
1786391925.989228,/costmap_app/stop_active,False
1786391926.014860,/cmd_vel,0.0500
1786391926.057929,/cmd_vel_raw,0.0500
1786391926.064924,/cmd_vel,0.0500
1786391926.090613,/cmd_vel_unsafe,0.0500
1786391926.090822,/costmap_app/stop_active,False
1786391926.107526,monitor_status,CLEAR|window_clear|FUSION_ACTIVE|depth_age=0.026
1786391926.118422,/cmd_vel,0.0500
1786391926.157015,/cmd_vel_raw,0.0500
1786391926.158411,/costmap_app/obstacle_detected,False
1786391926.166512,/cmd_vel,0.0500
1786391926.190540,/cmd_vel_unsafe,0.0500
1786391926.190561,/costmap_app/stop_active,False
1786391926.215582,/cmd_vel,0.0500
1786391926.260221,/cmd_vel_raw,0.0500
1786391926.265066,/cmd_vel,0.0500
1786391926.290456,/cmd_vel_unsafe,0.0500
1786391926.290477,/costmap_app/stop_active,False
1786391926.307430,monitor_status,CLEAR|window_clear|FUSION_ACTIVE|depth_age=0.026
1786391926.315115,/cmd_vel,0.0500
1786391926.359603,/cmd_vel_raw,0.0500
1786391926.364258,/cmd_vel,0.0500
1786391926.394114,/cmd_vel_unsafe,0.0500
1786391926.395007,/costmap_app/stop_active,False
1786391926.410552,/costmap_app/obstacle_detected,False
1786391926.415764,/cmd_vel,0.0500
1786391926.458068,/cmd_vel_raw,0.0500
1786391926.459980,/costmap_app/obstacle_detected,False
1786391926.465616,/cmd_vel,0.0500
1786391926.488241,/cmd_vel_unsafe,0.0500
1786391926.488310,/costmap_app/stop_active,False
1786391926.507560,monitor_status,CLEAR|window_clear|FUSION_ACTIVE|depth_age=0.007
1786391926.514223,/cmd_vel,0.0500
1786391926.557712,/cmd_vel_raw,0.0500
1786391926.562455,/costmap_app/obstacle_detected,False
1786391926.564866,/cmd_vel,0.0500
1786391926.589061,/cmd_vel_unsafe,0.0500
1786391926.589080,/costmap_app/stop_active,False
1786391926.615908,/cmd_vel,0.0500
1786391926.658273,/cmd_vel_raw,0.0500
1786391926.666565,/cmd_vel,0.0500
1786391926.689983,/cmd_vel_unsafe,0.0500
1786391926.690007,/costmap_app/stop_active,False
1786391926.707681,monitor_status,CLEAR|window_clear|FUSION_ACTIVE|depth_age=0.020
1786391926.715030,/cmd_vel,0.0500
1786391926.760411,/cmd_vel_raw,0.0500
1786391926.766055,/costmap_app/obstacle_detected,False
1786391926.767245,/cmd_vel,0.0500
1786391926.788151,/cmd_vel_unsafe,0.0500
1786391926.788366,/costmap_app/stop_active,False
1786391926.814640,/cmd_vel,0.0500
1786391926.858310,/cmd_vel_raw,0.0500
1786391926.864189,/cmd_vel,0.0500
1786391926.889395,/cmd_vel_unsafe,0.0500
1786391926.889419,/costmap_app/stop_active,False
1786391926.909606,monitor_status,CLEAR|window_clear|FUSION_ACTIVE|depth_age=0.001
1786391926.914519,/cmd_vel,0.0500
1786391926.958108,/cmd_vel_raw,0.0500
1786391926.959033,/costmap_app/obstacle_detected,False
1786391926.970623,/cmd_vel,0.0500
1786391926.987726,/cmd_vel_unsafe,0.0500
1786391926.987744,/costmap_app/stop_active,False
1786391927.014299,/cmd_vel,0.0500
1786391927.057715,/cmd_vel_raw,0.0500
1786391927.064276,/cmd_vel,0.0500
1786391927.094027,/cmd_vel_unsafe,0.0500
1786391927.094051,/costmap_app/stop_active,False
1786391927.108120,monitor_status,CLEAR|window_clear|FUSION_ACTIVE|depth_age=0.008
1786391927.115874,/cmd_vel,0.0500
1786391927.157933,/cmd_vel_raw,0.0500
1786391927.161764,/costmap_app/obstacle_detected,False
1786391927.166818,/cmd_vel,0.0500
1786391927.187717,/cmd_vel_unsafe,0.0500
1786391927.187823,/costmap_app/stop_active,False
1786391927.217106,/cmd_vel,0.0500
1786391927.256963,/cmd_vel_raw,0.0500
1786391927.258595,/costmap_app/obstacle_detected,False
1786391927.266551,/cmd_vel,0.0500
1786391927.289549,/cmd_vel_unsafe,0.0500
1786391927.289569,/costmap_app/stop_active,False
1786391927.310723,monitor_status,CLEAR|window_clear|FUSION_ACTIVE|depth_age=0.004
1786391927.314171,/cmd_vel,0.0500
1786391927.361819,/cmd_vel_raw,0.0500
1786391927.365857,/cmd_vel,0.0500
1786391927.388053,/cmd_vel_unsafe,0.0500
1786391927.389731,/costmap_app/stop_active,False
1786391927.415594,/cmd_vel,0.0500
1786391927.457727,/cmd_vel_raw,0.0500
1786391927.458177,/costmap_app/obstacle_detected,False
1786391927.464178,/cmd_vel,0.0500
1786391927.490016,/cmd_vel_unsafe,0.0500
1786391927.491107,/costmap_app/stop_active,False
1786391927.510022,monitor_status,CLEAR|window_clear|FUSION_ACTIVE|depth_age=0.073
1786391927.515257,/cmd_vel,0.0500
1786391927.557075,/cmd_vel_raw,0.0500
1786391927.564779,/cmd_vel,0.0500
1786391927.588413,/cmd_vel_unsafe,0.0500
1786391927.588627,/costmap_app/stop_active,False
1786391927.616811,/cmd_vel,0.0500
1786391927.657840,/cmd_vel_raw,0.0500
1786391927.658505,/costmap_app/obstacle_detected,False
1786391927.664844,/cmd_vel,0.0500
1786391927.689435,/cmd_vel_unsafe,0.0500
1786391927.689456,/costmap_app/stop_active,False
1786391927.710705,monitor_status,CLEAR|window_clear|FUSION_ACTIVE|depth_age=0.064
1786391927.718044,/cmd_vel,0.0500
1786391927.758098,/cmd_vel_raw,0.0500
1786391927.764471,/cmd_vel,0.0500
1786391927.788283,/cmd_vel_unsafe,0.0500
1786391927.788301,/costmap_app/stop_active,False
1786391927.815524,/cmd_vel,0.0500
1786391927.858184,/cmd_vel_raw,0.0500
1786391927.859343,/costmap_app/obstacle_detected,False
1786391927.864217,/cmd_vel,0.0500
1786391927.892179,/cmd_vel_unsafe,0.0500
1786391927.892204,/costmap_app/stop_active,False
1786391927.913406,monitor_status,CLEAR|window_clear|FUSION_ACTIVE|depth_age=0.064
1786391927.916046,/cmd_vel,0.0500
1786391927.958577,/cmd_vel_raw,0.0500
1786391927.964909,/cmd_vel,0.0500
1786391927.988621,/cmd_vel_unsafe,0.0500
1786391927.988660,/costmap_app/stop_active,False
1786391928.008359,/costmap_app/obstacle_detected,False
1786391928.014306,/cmd_vel,0.0500
1786391928.057709,/cmd_vel_raw,0.0500
1786391928.064255,/cmd_vel,0.0500
1786391928.091160,/cmd_vel_unsafe,0.0500
1786391928.091181,/costmap_app/stop_active,False
1786391928.107992,monitor_status,CLEAR|window_clear|FUSION_ACTIVE|depth_age=0.059
1786391928.118754,/cmd_vel,0.0500
1786391928.159591,/cmd_vel_raw,0.0500
1786391928.161658,/costmap_app/obstacle_detected,False
1786391928.164171,/cmd_vel,0.0500
1786391928.191286,/cmd_vel_unsafe,0.0500
1786391928.191361,/costmap_app/stop_active,False
1786391928.214345,/cmd_vel,0.0500
1786391928.258931,/cmd_vel_raw,0.0500
1786391928.259858,/costmap_app/obstacle_detected,False
1786391928.267092,/cmd_vel,0.0500
1786391928.290477,/cmd_vel_unsafe,0.0500
1786391928.290498,/costmap_app/stop_active,False
1786391928.308088,monitor_status,CLEAR|window_clear|FUSION_ACTIVE|depth_age=0.042
1786391928.317669,/cmd_vel,0.0500
1786391928.357122,/cmd_vel_raw,0.0500
1786391928.364379,/cmd_vel,0.0500
1786391928.387866,/cmd_vel_unsafe,0.0500
1786391928.387914,/costmap_app/stop_active,False
1786391928.414184,/cmd_vel,0.0500
1786391928.459702,/cmd_vel_raw,0.0500
1786391928.464989,/cmd_vel,0.0500
1786391928.487969,/cmd_vel_unsafe,0.0500
1786391928.487991,/costmap_app/stop_active,False
1786391928.510592,/costmap_app/obstacle_detected,False
1786391928.513811,monitor_status,CLEAR|window_clear|FUSION_ACTIVE|depth_age=0.048
1786391928.514700,/cmd_vel,0.0500
1786391928.558028,/cmd_vel_raw,0.0500
1786391928.565928,/cmd_vel,0.0500
1786391928.591860,/cmd_vel_unsafe,0.0500
1786391928.591923,/costmap_app/stop_active,False
1786391928.614260,/cmd_vel,0.0500
1786391928.659373,/cmd_vel_raw,0.0500
1786391928.662043,/costmap_app/obstacle_detected,False
1786391928.669540,/cmd_vel,0.0500
1786391928.689496,/cmd_vel_unsafe,0.0500
1786391928.689920,/costmap_app/stop_active,False
1786391928.710076,monitor_status,CLEAR|window_clear|FUSION_ACTIVE|depth_age=0.040
1786391928.716399,/cmd_vel,0.0500
1786391928.757024,/cmd_vel_raw,0.0500
1786391928.758444,/costmap_app/obstacle_detected,False
1786391928.767122,/cmd_vel,0.0500
1786391928.791436,/cmd_vel_unsafe,0.0500
1786391928.791523,/costmap_app/stop_active,False
1786391928.815846,/cmd_vel,0.0500
1786391928.857925,/cmd_vel_raw,0.0500
1786391928.867309,/cmd_vel,0.0500
1786391928.887823,/cmd_vel_unsafe,0.0500
1786391928.887903,/costmap_app/stop_active,False
1786391928.908084,monitor_status,CLEAR|window_clear|FUSION_ACTIVE|depth_age=0.042
1786391928.915027,/cmd_vel,0.0500
1786391928.956982,/cmd_vel_raw,0.0500
1786391928.959075,/costmap_app/obstacle_detected,False
1786391928.966073,/cmd_vel,0.0500
1786391928.987980,/cmd_vel_unsafe,0.0500
1786391928.990013,/costmap_app/stop_active,False
1786391929.014938,/cmd_vel,0.0500
1786391929.059223,/cmd_vel_raw,0.0500
1786391929.068644,/cmd_vel,0.0500
1786391929.087786,/cmd_vel_unsafe,0.0500
1786391929.087809,/costmap_app/stop_active,False
1786391929.108236,monitor_status,CLEAR|window_clear|FUSION_ACTIVE|depth_age=0.043
1786391929.119410,/cmd_vel,0.0500
1786391929.156975,/cmd_vel_raw,0.0500
1786391929.158915,/costmap_app/obstacle_detected,False
1786391929.165434,/cmd_vel,0.0500
1786391929.194803,/cmd_vel_unsafe,0.0500
1786391929.194828,/costmap_app/stop_active,False
1786391929.214283,/cmd_vel,0.0500
1786391929.258653,/cmd_vel_raw,0.0500
1786391929.265312,/cmd_vel,0.0500
1786391929.288438,/cmd_vel_unsafe,0.0500
1786391929.288458,/costmap_app/stop_active,False
1786391929.307578,monitor_status,CLEAR|window_clear|FUSION_ACTIVE|depth_age=0.030
1786391929.318027,/cmd_vel,0.0500
1786391929.357070,/cmd_vel_raw,0.0500
1786391929.360103,/costmap_app/obstacle_detected,False
1786391929.364154,/cmd_vel,0.0500
1786391929.390032,/cmd_vel_unsafe,0.0500
1786391929.390056,/costmap_app/stop_active,False
1786391929.414649,/cmd_vel,0.0500
1786391929.458893,/costmap_app/obstacle_detected,False
1786391929.458912,/cmd_vel_raw,0.0500
1786391929.464250,/cmd_vel,0.0500
1786391929.491776,/cmd_vel_unsafe,0.0500
1786391929.492425,/costmap_app/stop_active,False
1786391929.507608,monitor_status,CLEAR|window_clear|FUSION_ACTIVE|depth_age=0.034
1786391929.518378,/cmd_vel,0.0500
1786391929.557542,/cmd_vel_raw,0.0500
1786391929.564296,/cmd_vel,0.0500
1786391929.589078,/cmd_vel_unsafe,0.0500
1786391929.589098,/costmap_app/stop_active,False
1786391929.614628,/cmd_vel,0.0500
1786391929.658236,/cmd_vel_raw,0.0500
1786391929.665106,/cmd_vel,0.0500
1786391929.689321,/cmd_vel_unsafe,0.0500
1786391929.689343,/costmap_app/stop_active,False
1786391929.711929,/costmap_app/obstacle_detected,False
1786391929.711980,monitor_status,CLEAR|window_clear|FUSION_ACTIVE|depth_age=0.082
1786391929.718042,/cmd_vel,0.0500
1786391929.757205,/cmd_vel_raw,0.0500
1786391929.759007,/costmap_app/obstacle_detected,False
1786391929.766246,/cmd_vel,0.0500
1786391929.790048,/cmd_vel_unsafe,0.0500
1786391929.790078,/costmap_app/stop_active,False
1786391929.815218,/cmd_vel,0.0500
1786391929.857486,/cmd_vel_raw,0.0500
1786391929.867073,/cmd_vel,0.0500
1786391929.888806,/cmd_vel_unsafe,0.0500
1786391929.889456,/costmap_app/stop_active,False
1786391929.908548,monitor_status,CLEAR|window_clear|FUSION_ACTIVE|depth_age=0.076
1786391929.916860,/cmd_vel,0.0500
1786391929.957343,/cmd_vel_raw,0.0500
1786391929.961541,/costmap_app/obstacle_detected,False
1786391929.965726,/cmd_vel,0.0500
1786391929.989051,/cmd_vel_unsafe,0.0500
1786391929.989073,/costmap_app/stop_active,False
1786391930.017153,/cmd_vel,0.0500
1786391930.060379,/cmd_vel_raw,0.0500
1786391930.066276,/costmap_app/obstacle_detected,False
1786391930.067090,/cmd_vel,0.0500
1786391930.088803,/cmd_vel_unsafe,0.0500
1786391930.088825,/costmap_app/stop_active,False
1786391930.109135,monitor_status,CLEAR|window_clear|FUSION_ACTIVE|depth_age=0.024
1786391930.115204,/cmd_vel,0.0500
1786391930.158442,/cmd_vel_raw,0.0500
1786391930.165397,/cmd_vel,0.0500
1786391930.191484,/cmd_vel_unsafe,0.0500
1786391930.191506,/costmap_app/stop_active,False
1786391930.216204,/cmd_vel,0.0500
1786391930.218739,/costmap_app/obstacle_detected,False
1786391930.258748,/cmd_vel_raw,0.0500
1786391930.266432,/cmd_vel,0.0500
1786391930.289634,/cmd_vel_unsafe,0.0500
1786391930.289717,/costmap_app/stop_active,False
1786391930.307779,monitor_status,CLEAR|window_clear|FUSION_ACTIVE|depth_age=0.030
1786391930.315587,/cmd_vel,0.0500
1786391930.357174,/cmd_vel_raw,0.0500
1786391930.359688,/costmap_app/obstacle_detected,False
1786391930.364916,/cmd_vel,0.0500
1786391930.389059,/cmd_vel_unsafe,0.0500
1786391930.389083,/costmap_app/stop_active,False
1786391930.417440,/cmd_vel,0.0500
1786391930.459841,/cmd_vel_raw,0.0500
1786391930.465568,/cmd_vel,0.0500
1786391930.488779,/cmd_vel_unsafe,0.0500
1786391930.490158,/costmap_app/stop_active,False
1786391930.510148,monitor_status,CLEAR|window_clear|FUSION_ACTIVE|depth_age=0.034
1786391930.514330,/cmd_vel,0.0500
1786391930.556990,/cmd_vel_raw,0.0500
1786391930.558904,/costmap_app/obstacle_detected,False
1786391930.564879,/cmd_vel,0.0500
1786391930.589566,/cmd_vel_unsafe,0.0500
1786391930.589593,/costmap_app/stop_active,False
1786391930.618692,/cmd_vel,0.0500
1786391930.658820,/cmd_vel_raw,0.0500
1786391930.664981,/cmd_vel,0.0500
1786391930.665305,/costmap_app/obstacle_detected,False
1786391930.688834,/cmd_vel_unsafe,0.0500
1786391930.688861,/costmap_app/stop_active,False
1786391930.708285,monitor_status,CLEAR|window_clear|FUSION_ACTIVE|depth_age=0.041
1786391930.715272,/cmd_vel,0.0500
1786391930.757096,/cmd_vel_raw,0.0500
1786391930.764434,/cmd_vel,0.0500
1786391930.792337,/cmd_vel_unsafe,0.0500
1786391930.792364,/costmap_app/stop_active,False
1786391930.817847,/cmd_vel,0.0500
1786391930.857203,/cmd_vel_raw,0.0500
1786391930.868695,/cmd_vel,0.0500
1786391930.888483,/cmd_vel_unsafe,0.0500
1786391930.888503,/costmap_app/stop_active,False
1786391930.916911,/costmap_app/obstacle_detected,False
1786391930.919089,/cmd_vel,0.0500
1786391930.919146,monitor_status,CLEAR|window_clear|FUSION_ACTIVE|depth_age=0.046
1786391930.957341,/cmd_vel_raw,0.0500
1786391930.964242,/cmd_vel,0.0500
1786391930.988700,/cmd_vel_unsafe,0.0500
1786391930.989034,/costmap_app/stop_active,False
1786391931.011854,/costmap_app/obstacle_detected,False
1786391931.015167,/cmd_vel,0.0500
1786391931.057997,/cmd_vel_raw,0.0500
1786391931.060526,/costmap_app/obstacle_detected,False
1786391931.067799,/cmd_vel,0.0500
1786391931.089613,/cmd_vel_unsafe,0.0500
1786391931.089636,/costmap_app/stop_active,False
1786391931.111180,monitor_status,CLEAR|window_clear|FUSION_ACTIVE|depth_age=0.039
1786391931.115222,/cmd_vel,0.0500
1786391931.157027,/cmd_vel_raw,0.0500
1786391931.158504,/costmap_app/obstacle_detected,False
1786391931.164810,/cmd_vel,0.0500
1786391931.190758,/cmd_vel_unsafe,0.0500
1786391931.190781,/costmap_app/stop_active,False
1786391931.216294,/cmd_vel,0.0500
1786391931.257917,/cmd_vel_raw,0.0500
1786391931.266371,/cmd_vel,0.0500
1786391931.288498,/cmd_vel_unsafe,0.0500
1786391931.289031,/costmap_app/stop_active,False
1786391931.312307,monitor_status,CLEAR|window_clear|FUSION_ACTIVE|depth_age=0.028
1786391931.315301,/cmd_vel,0.0500
1786391931.357649,/cmd_vel_raw,0.0500
1786391931.366815,/cmd_vel,0.0500
1786391931.389488,/cmd_vel_unsafe,0.0500
1786391931.394176,/costmap_app/stop_active,False
1786391931.414235,/cmd_vel,0.0500
1786391931.414266,/costmap_app/obstacle_detected,False
1786391931.459279,/cmd_vel_raw,0.0500
1786391931.459587,/costmap_app/obstacle_detected,False
1786391931.465200,/cmd_vel,0.0500
1786391931.491410,/cmd_vel_unsafe,0.0500
1786391931.491440,/costmap_app/stop_active,False
1786391931.509424,monitor_status,CLEAR|window_clear|FUSION_ACTIVE|depth_age=0.028
1786391931.516933,/cmd_vel,0.0500
1786391931.557770,/cmd_vel_raw,0.0500
1786391931.558798,/costmap_app/obstacle_detected,False
1786391931.564466,/cmd_vel,0.0500
1786391931.590139,/cmd_vel_unsafe,0.0500
1786391931.590581,/costmap_app/stop_active,False
1786391931.615290,/cmd_vel,0.0500
1786391931.658641,/cmd_vel_raw,0.0500
1786391931.668230,/cmd_vel,0.0500
1786391931.689708,/cmd_vel_unsafe,0.0500
1786391931.690153,/costmap_app/stop_active,False
1786391931.711133,monitor_status,CLEAR|window_clear|FUSION_ACTIVE|depth_age=0.037
1786391931.716144,/cmd_vel,0.0500
1786391931.757013,/cmd_vel_raw,0.0500
1786391931.760000,/costmap_app/obstacle_detected,False
1786391931.764959,/cmd_vel,0.0500
1786391931.791839,/cmd_vel_unsafe,0.0500
1786391931.791861,/costmap_app/stop_active,False
1786391931.814947,/cmd_vel,0.0500
1786391931.858928,/cmd_vel_raw,0.0500
1786391931.866074,/cmd_vel,0.0500
1786391931.888372,/cmd_vel_unsafe,0.0500
1786391931.889493,/costmap_app/stop_active,False
1786391931.911999,monitor_status,CLEAR|window_clear|FUSION_ACTIVE|depth_age=0.034
1786391931.915169,/cmd_vel,0.0500
1786391931.958087,/cmd_vel_raw,0.0500
1786391931.959543,/costmap_app/obstacle_detected,False
1786391931.964344,/cmd_vel,0.0500
1786391931.991472,/cmd_vel_unsafe,0.0500
1786391931.991498,/costmap_app/stop_active,False
1786391932.015651,/cmd_vel,0.0500
1786391932.058102,/cmd_vel_raw,0.0500
1786391932.067300,/cmd_vel,0.0500
1786391932.089344,/cmd_vel_unsafe,0.0500
1786391932.089365,/costmap_app/stop_active,False
1786391932.110413,monitor_status,CLEAR|window_clear|FUSION_ACTIVE|depth_age=0.036
1786391932.116252,/cmd_vel,0.0500
1786391932.157850,/cmd_vel_raw,0.0500
1786391932.162109,/costmap_app/obstacle_detected,False
1786391932.164729,/cmd_vel,0.0500
1786391932.198761,/cmd_vel_unsafe,0.0500
1786391932.199046,/costmap_app/stop_active,False
1786391932.216672,/cmd_vel,0.0500
1786391932.272941,/cmd_vel,0.0500
1786391932.273151,/cmd_vel_raw,0.0500
1786391932.287922,/cmd_vel_unsafe,0.0500
1786391932.288154,/costmap_app/stop_active,False
1786391932.316453,monitor_status,CLEAR|window_clear|FUSION_ACTIVE|depth_age=0.011
1786391932.317790,/cmd_vel,0.0500
1786391932.357831,/cmd_vel_raw,0.0500
1786391932.366310,/cmd_vel,0.0500
1786391932.392557,/cmd_vel_unsafe,0.0500
1786391932.392586,/costmap_app/stop_active,False
1786391932.408632,/costmap_app/obstacle_detected,False
1786391932.414239,/cmd_vel,0.0500
1786391932.459457,/cmd_vel_raw,0.0500
1786391932.464944,/cmd_vel,0.0500
1786391932.494117,/cmd_vel_unsafe,0.0500
1786391932.494140,/costmap_app/stop_active,False
1786391932.508358,monitor_status,CLEAR|window_clear|FUSION_ACTIVE|depth_age=0.021
1786391932.518105,/cmd_vel,0.0500
1786391932.557528,/cmd_vel_raw,0.0500
1786391932.563803,/costmap_app/obstacle_detected,False
1786391932.565399,/cmd_vel,0.0500
1786391932.589261,/cmd_vel_unsafe,0.0500
1786391932.589280,/costmap_app/stop_active,False
1786391932.615307,/cmd_vel,0.0500
1786391932.658324,/cmd_vel_raw,0.0500
1786391932.664951,/cmd_vel,0.0500
1786391932.693033,/cmd_vel_unsafe,0.0500
1786391932.693122,/costmap_app/stop_active,False
1786391932.710377,monitor_status,CLEAR|window_clear|FUSION_ACTIVE|depth_age=0.026
1786391932.710562,/costmap_app/obstacle_detected,False
1786391932.715736,/cmd_vel,0.0500
1786391932.757581,/cmd_vel_raw,0.0500
1786391932.765429,/cmd_vel,0.0500
1786391932.791011,/cmd_vel_unsafe,0.0500
1786391932.791033,/costmap_app/stop_active,False
1786391932.814274,/cmd_vel,0.0500
1786391932.857626,/cmd_vel_raw,0.0500
1786391932.860301,/costmap_app/obstacle_detected,False
1786391932.864322,/cmd_vel,0.0500
1786391932.889445,/cmd_vel_unsafe,0.0500
1786391932.889464,/costmap_app/stop_active,False
1786391932.907793,monitor_status,CLEAR|window_clear|FUSION_ACTIVE|depth_age=0.027
1786391932.915040,/cmd_vel,0.0500
1786391932.957540,/cmd_vel_raw,0.0500
1786391932.959024,/costmap_app/obstacle_detected,False
1786391932.964862,/cmd_vel,0.0500
1786391932.989267,/cmd_vel_unsafe,0.0500
1786391932.989285,/costmap_app/stop_active,False
1786391933.015507,/cmd_vel,0.0500
1786391933.058248,/cmd_vel_raw,0.0500
1786391933.065894,/cmd_vel,0.0500
1786391933.088960,/cmd_vel_unsafe,0.0500
1786391933.088979,/costmap_app/stop_active,False
1786391933.107651,monitor_status,CLEAR|window_clear|FUSION_ACTIVE|depth_age=0.030
1786391933.114192,/cmd_vel,0.0500
1786391933.160401,/cmd_vel_raw,0.0500
1786391933.164748,/cmd_vel,0.0500
1786391933.189512,/cmd_vel_unsafe,0.0500
1786391933.189531,/costmap_app/stop_active,False
1786391933.208938,/costmap_app/obstacle_detected,False
1786391933.216124,/cmd_vel,0.0500
1786391933.259845,/cmd_vel_raw,0.0500
1786391933.264203,/cmd_vel,0.0500
1786391933.289971,/cmd_vel_unsafe,0.0500
1786391933.290012,/costmap_app/stop_active,False
1786391933.307453,monitor_status,CLEAR|window_clear|FUSION_ACTIVE|depth_age=0.023
1786391933.314222,/cmd_vel,0.0500
1786391933.357610,/cmd_vel_raw,0.0500
1786391933.359080,/costmap_app/obstacle_detected,False
1786391933.365099,/cmd_vel,0.0500
1786391933.390381,/cmd_vel_unsafe,0.0500
1786391933.390402,/costmap_app/stop_active,False
1786391933.414202,/cmd_vel,0.0500
1786391933.460867,/cmd_vel_raw,0.0500
1786391933.466104,/cmd_vel,0.0500
1786391933.490337,/cmd_vel_unsafe,0.0500
1786391933.491847,/costmap_app/stop_active,False
1786391933.507464,monitor_status,CLEAR|window_clear|FUSION_ACTIVE|depth_age=0.024
1786391933.514646,/cmd_vel,0.0500
1786391933.559947,/cmd_vel_raw,0.0500
1786391933.562268,/costmap_app/obstacle_detected,False
1786391933.564392,/cmd_vel,0.0500
1786391933.588820,/cmd_vel_unsafe,0.0500
1786391933.588840,/costmap_app/stop_active,False
1786391933.618204,/cmd_vel,0.0500
1786391933.658478,/cmd_vel_raw,0.0500
1786391933.664801,/cmd_vel,0.0500
1786391933.690118,/cmd_vel_unsafe,0.0500
1786391933.691733,/costmap_app/stop_active,False
1786391933.707851,monitor_status,CLEAR|window_clear|FUSION_ACTIVE|depth_age=0.022
1786391933.714412,/cmd_vel,0.0500
1786391933.759740,/cmd_vel_raw,0.0500
1786391933.764581,/cmd_vel,0.0500
1786391933.788474,/cmd_vel_unsafe,0.0500
1786391933.788498,/costmap_app/stop_active,False
1786391933.809309,/costmap_app/obstacle_detected,False
1786391933.815418,/cmd_vel,0.0500
1786391933.857748,/cmd_vel_raw,0.0500
1786391933.865405,/cmd_vel,0.0500
1786391933.891912,/cmd_vel_unsafe,0.0500
1786391933.892417,/costmap_app/stop_active,False
1786391933.907671,monitor_status,CLEAR|window_clear|FUSION_ACTIVE|depth_age=0.014
1786391933.914173,/cmd_vel,0.0500
1786391933.958226,/cmd_vel_raw,0.0500
1786391933.962891,/costmap_app/obstacle_detected,False
1786391933.965087,/cmd_vel,0.0500
1786391933.987939,/cmd_vel_unsafe,0.0500
1786391933.988330,/costmap_app/stop_active,False
1786391934.019017,/cmd_vel,0.0500
1786391934.058110,/cmd_vel_raw,0.0500
1786391934.058447,/costmap_app/obstacle_detected,False
1786391934.066604,/cmd_vel,0.0500
1786391934.091065,/cmd_vel_unsafe,0.0500
1786391934.091089,/costmap_app/stop_active,False
1786391934.108327,monitor_status,CLEAR|window_clear|FUSION_ACTIVE|depth_age=0.012
1786391934.114185,/cmd_vel,0.0500
1786391934.158537,/cmd_vel_raw,0.0500
1786391934.165749,/cmd_vel,0.0500
1786391934.192794,/cmd_vel_unsafe,0.0500
1786391934.192815,/costmap_app/stop_active,False
1786391934.215790,/cmd_vel,0.0500
1786391934.257910,/cmd_vel_raw,0.0500
1786391934.264240,/cmd_vel,0.0500
1786391934.290427,/cmd_vel_unsafe,0.0500
1786391934.290677,/costmap_app/stop_active,False
1786391934.314136,/costmap_app/obstacle_detected,False
1786391934.314857,/cmd_vel,0.0500
1786391934.318120,monitor_status,CLEAR|window_clear|FUSION_ACTIVE|depth_age=0.009
1786391934.358459,/cmd_vel_raw,0.0500
1786391934.360954,/costmap_app/obstacle_detected,False
1786391934.368156,/cmd_vel,0.0500
1786391934.390039,/cmd_vel_unsafe,0.0500
1786391934.390062,/costmap_app/stop_active,False
1786391934.414489,/cmd_vel,0.0500
1786391934.457711,/cmd_vel_raw,0.0500
1786391934.464080,/cmd_vel,0.0500
1786391934.489699,/cmd_vel_unsafe,0.0500
1786391934.489719,/costmap_app/stop_active,False
1786391934.510031,monitor_status,CLEAR|window_clear|FUSION_ACTIVE|depth_age=0.001
1786391934.515854,/cmd_vel,0.0500
1786391934.560322,/costmap_app/obstacle_detected,False
1786391934.560347,/cmd_vel_raw,0.0500
1786391934.564333,/cmd_vel,0.0500
1786391934.587739,/cmd_vel_unsafe,0.0500
1786391934.587933,/costmap_app/stop_active,False
1786391934.615135,/cmd_vel,0.0500
1786391934.657439,/cmd_vel_raw,0.0500
1786391934.659555,/costmap_app/obstacle_detected,False
1786391934.665018,/cmd_vel,0.0500
1786391934.689593,/cmd_vel_unsafe,0.0500
1786391934.689613,/costmap_app/stop_active,False
1786391934.713146,monitor_status,CLEAR|window_clear|FUSION_ACTIVE|depth_age=0.069
1786391934.714706,/cmd_vel,0.0500
1786391934.757031,/cmd_vel_raw,0.0500
1786391934.760413,/costmap_app/obstacle_detected,False
1786391934.764862,/cmd_vel,0.0500
1786391934.787725,/cmd_vel_unsafe,0.0500
1786391934.787746,/costmap_app/stop_active,False
1786391934.814237,/cmd_vel,0.0500
1786391934.857272,/cmd_vel_raw,0.0500
1786391934.864654,/cmd_vel,0.0500
1786391934.888742,/cmd_vel_unsafe,0.0500
1786391934.888928,/costmap_app/stop_active,False
1786391934.909021,monitor_status,CLEAR|window_clear|FUSION_ACTIVE|depth_age=0.057
1786391934.916894,/cmd_vel,0.0500
1786391934.958981,/cmd_vel_raw,0.0500
1786391934.960102,/costmap_app/obstacle_detected,False
1786391934.966543,/cmd_vel,0.0500
1786391934.988696,/cmd_vel_unsafe,0.0500
1786391934.989705,/costmap_app/stop_active,False
1786391935.014317,/cmd_vel,0.0500
1786391935.056971,/cmd_vel_raw,0.0500
1786391935.060354,/costmap_app/obstacle_detected,False
1786391935.064195,/cmd_vel,0.0500
1786391935.089115,/cmd_vel_unsafe,0.0500
1786391935.089429,/costmap_app/stop_active,False
1786391935.108551,monitor_status,CLEAR|window_clear|FUSION_ACTIVE|depth_age=0.060
1786391935.116976,/cmd_vel,0.0500
1786391935.158436,/cmd_vel_raw,0.0500
1786391935.164598,/cmd_vel,0.0500
1786391935.188628,/cmd_vel_unsafe,0.0500
1786391935.188861,/costmap_app/stop_active,False
1786391935.214259,/cmd_vel,0.0500
1786391935.257811,/cmd_vel_raw,0.0500
1786391935.261297,/costmap_app/obstacle_detected,False
1786391935.267603,/cmd_vel,0.0500
1786391935.287777,/cmd_vel_unsafe,0.0500
1786391935.290034,/costmap_app/stop_active,False
1786391935.309323,monitor_status,CLEAR|window_clear|FUSION_ACTIVE|depth_age=0.058
1786391935.314899,/cmd_vel,0.0500
1786391935.358050,/cmd_vel_raw,0.0500
1786391935.364809,/cmd_vel,0.0500
1786391935.391951,/cmd_vel_unsafe,0.0500
1786391935.391976,/costmap_app/stop_active,False
1786391935.414182,/cmd_vel,0.0500
1786391935.460196,/cmd_vel_raw,0.0500
1786391935.464777,/costmap_app/obstacle_detected,False
1786391935.467596,/cmd_vel,0.0500
1786391935.488626,/cmd_vel_unsafe,0.0500
1786391935.489542,/costmap_app/stop_active,False
1786391935.507561,monitor_status,CLEAR|window_clear|FUSION_ACTIVE|depth_age=0.050
1786391935.515034,/cmd_vel,0.0500
1786391935.559688,/cmd_vel_raw,0.0500
1786391935.566024,/cmd_vel,0.0500
1786391935.591073,/cmd_vel_unsafe,0.0500
1786391935.591103,/costmap_app/stop_active,False
1786391935.608763,/costmap_app/obstacle_detected,False
1786391935.614171,/cmd_vel,0.0500
1786391935.658867,/cmd_vel_raw,0.0500
1786391935.660614,/costmap_app/obstacle_detected,False
1786391935.665555,/cmd_vel,0.0500
1786391935.688084,/cmd_vel_unsafe,0.0500
1786391935.688247,/costmap_app/stop_active,False
1786391935.709668,monitor_status,CLEAR|window_clear|FUSION_ACTIVE|depth_age=0.041
1786391935.717183,/cmd_vel,0.0500
1786391935.758480,/cmd_vel_raw,0.0500
1786391935.764633,/cmd_vel,0.0500
1786391935.789683,/cmd_vel_unsafe,0.0500
1786391935.789707,/costmap_app/stop_active,False
1786391935.814510,/cmd_vel,0.0500
1786391935.858981,/cmd_vel_raw,0.0500
1786391935.867408,/cmd_vel,0.0500
1786391935.867434,/costmap_app/obstacle_detected,False
1786391935.888511,/cmd_vel_unsafe,0.0500
1786391935.888532,/costmap_app/stop_active,False
1786391935.909890,monitor_status,CLEAR|window_clear|FUSION_ACTIVE|depth_age=0.036
1786391935.915107,/cmd_vel,0.0500
1786391935.956959,/cmd_vel_raw,0.0500
1786391935.964681,/cmd_vel,0.0500
1786391935.987974,/cmd_vel_unsafe,0.0500
1786391935.988066,/costmap_app/stop_active,False
1786391936.015531,/cmd_vel,0.0500
1786391936.057439,/cmd_vel_raw,0.0500
1786391936.064629,/cmd_vel,0.0500
1786391936.087773,/cmd_vel_unsafe,0.0500
1786391936.088166,/costmap_app/stop_active,False
1786391936.109703,/costmap_app/obstacle_detected,False
1786391936.111116,monitor_status,CLEAR|window_clear|FUSION_ACTIVE|depth_age=0.044
1786391936.117383,/cmd_vel,0.0500
1786391936.157912,/cmd_vel_raw,0.0500
1786391936.164184,/cmd_vel,0.0500
1786391936.187913,/cmd_vel_unsafe,0.0500
1786391936.188021,/costmap_app/stop_active,False
1786391936.215147,/cmd_vel,0.0500
1786391936.257690,/cmd_vel_raw,0.0500
1786391936.270441,/cmd_vel,0.0500
1786391936.288782,/cmd_vel_unsafe,0.0500
1786391936.289089,/costmap_app/stop_active,False
1786391936.312268,monitor_status,CLEAR|window_clear|FUSION_ACTIVE|depth_age=0.037
1786391936.312289,/costmap_app/obstacle_detected,False
1786391936.318410,/cmd_vel,0.0500
1786391936.356942,/cmd_vel_raw,0.0500
1786391936.364178,/cmd_vel,0.0500
1786391936.389095,/cmd_vel_unsafe,0.0500
1786391936.389116,/costmap_app/stop_active,False
1786391936.415029,/cmd_vel,0.0500
1786391936.458157,/cmd_vel_raw,0.0500
1786391936.467525,/cmd_vel,0.0500
1786391936.489783,/cmd_vel_unsafe,0.0500
1786391936.490077,/costmap_app/stop_active,False
1786391936.508424,/costmap_app/obstacle_detected,False
1786391936.508931,monitor_status,CLEAR|window_clear|FUSION_ACTIVE|depth_age=0.030
1786391936.514927,/cmd_vel,0.0500
1786391936.558215,/costmap_app/obstacle_detected,False
1786391936.559123,/cmd_vel_raw,0.0500
1786391936.564141,/cmd_vel,0.0500
1786391936.589703,/cmd_vel_unsafe,0.0500
1786391936.590760,/costmap_app/stop_active,False
1786391936.614356,/cmd_vel,0.0500
1786391936.658648,/cmd_vel_raw,0.0500
1786391936.664639,/cmd_vel,0.0500
1786391936.689915,/cmd_vel_unsafe,0.0500
1786391936.690771,/costmap_app/stop_active,False
1786391936.712030,monitor_status,CLEAR|window_clear|FUSION_ACTIVE|depth_age=0.030
1786391936.714221,/cmd_vel,0.0500
1786391936.757913,/cmd_vel_raw,0.0500
1786391936.758596,/costmap_app/obstacle_detected,False
1786391936.764166,/cmd_vel,0.0500
1786391936.791097,/cmd_vel_unsafe,0.0500
1786391936.791149,/costmap_app/stop_active,False
1786391936.815223,/cmd_vel,0.0500
1786391936.859365,/cmd_vel_raw,0.0500
1786391936.864171,/cmd_vel,0.0500
1786391936.888779,/cmd_vel_unsafe,0.0500
1786391936.888829,/costmap_app/stop_active,False
1786391936.907639,monitor_status,CLEAR|window_clear|FUSION_ACTIVE|depth_age=0.025
1786391936.916086,/cmd_vel,0.0500
1786391936.958435,/cmd_vel_raw,0.0500
1786391936.962079,/costmap_app/obstacle_detected,False
1786391936.964172,/cmd_vel,0.0500
1786391936.989784,/cmd_vel_unsafe,0.0500
1786391936.989808,/costmap_app/stop_active,False
1786391937.014441,/cmd_vel,0.0500
1786391937.059371,/cmd_vel_raw,0.0500
1786391937.065009,/cmd_vel,0.0500
1786391937.065032,/costmap_app/obstacle_detected,False
1786391937.088877,/cmd_vel_unsafe,0.0500
1786391937.094135,/costmap_app/stop_active,False
1786391937.107539,monitor_status,CLEAR|window_clear|FUSION_ACTIVE|depth_age=0.014
1786391937.114504,/cmd_vel,0.0500
1786391937.158338,/cmd_vel_raw,0.0500
1786391937.164508,/cmd_vel,0.0500
1786391937.192523,/cmd_vel_unsafe,0.0500
1786391937.192545,/costmap_app/stop_active,False
1786391937.214271,/cmd_vel,0.0500
1786391937.257838,/cmd_vel_raw,0.0500
1786391937.260764,/costmap_app/obstacle_detected,False
1786391937.267923,/cmd_vel,0.0500
1786391937.290626,/cmd_vel_unsafe,0.0500
1786391937.290660,/costmap_app/stop_active,False
1786391937.308212,monitor_status,CLEAR|window_clear|FUSION_ACTIVE|depth_age=0.015
1786391937.314617,/cmd_vel,0.0500
1786391937.361624,/cmd_vel_raw,0.0500
1786391937.364442,/cmd_vel,0.0500
1786391937.387791,/cmd_vel_unsafe,0.0500
1786391937.387842,/costmap_app/stop_active,False
1786391937.414824,/cmd_vel,0.0500
1786391937.457038,/cmd_vel_raw,0.0500
1786391937.462087,/costmap_app/obstacle_detected,False
1786391937.464148,/cmd_vel,0.0500
1786391937.493121,/cmd_vel_unsafe,0.0500
1786391937.493141,/costmap_app/stop_active,False
1786391937.508526,monitor_status,CLEAR|window_clear|FUSION_ACTIVE|depth_age=0.009
1786391937.514178,/cmd_vel,0.0500
1786391937.557135,/cmd_vel_raw,0.0500
1786391937.565547,/cmd_vel,0.0500
1786391937.566447,/costmap_app/obstacle_detected,False
1786391937.588964,/cmd_vel_unsafe,0.0500
1786391937.588984,/costmap_app/stop_active,False
1786391937.617605,/cmd_vel,0.0500
1786391937.657032,/cmd_vel_raw,0.0500
1786391937.658338,/costmap_app/obstacle_detected,False
1786391937.664271,/cmd_vel,0.0500
1786391937.687953,/cmd_vel_unsafe,0.0500
1786391937.687985,/costmap_app/stop_active,False
1786391937.712439,monitor_status,CLEAR|window_clear|FUSION_ACTIVE|depth_age=0.006
1786391937.714221,/cmd_vel,0.0500
1786391937.758365,/cmd_vel_raw,0.0500
1786391937.767207,/cmd_vel,0.0500
1786391937.788527,/cmd_vel_unsafe,0.0500
1786391937.788585,/costmap_app/stop_active,False
1786391937.814227,/cmd_vel,0.0500
1786391937.857698,/cmd_vel_raw,0.0500
1786391937.861463,/costmap_app/obstacle_detected,True
1786391937.864981,/cmd_vel,0.0500
1786391937.892347,/cmd_vel_unsafe,0.0000
1786391937.892370,/costmap_app/stop_active,True
1786391937.911877,monitor_status,OBSTACLE|lethal_cells_in_window|FUSION_ACTIVE|depth_age=0.038
1786391937.915696,/cmd_vel,0.0000
1786391937.960282,/cmd_vel_raw,0.0500
1786391937.965246,/cmd_vel,0.0000
1786391937.990876,/cmd_vel_unsafe,0.0000
1786391937.990901,/costmap_app/stop_active,True
1786391938.019566,/cmd_vel,0.0000
1786391938.057650,/cmd_vel_raw,0.0500
1786391938.064315,/cmd_vel,0.0000
1786391938.064916,/costmap_app/obstacle_detected,True
1786391938.092123,/cmd_vel_unsafe,0.0000
1786391938.092131,/costmap_app/stop_active,True
1786391938.109287,monitor_status,OBSTACLE|lethal_cells_in_window|FUSION_ACTIVE|depth_age=0.017
1786391938.114693,/cmd_vel,0.0000
1786391938.162042,/cmd_vel_raw,0.0500
1786391938.167685,/cmd_vel,0.0000
1786391938.190864,/cmd_vel_unsafe,0.0000
1786391938.191503,/costmap_app/stop_active,True
1786391938.214821,/cmd_vel,0.0000
1786391938.264588,/cmd_vel,0.0000
1786391938.264612,/cmd_vel_raw,0.0500
1786391938.265431,/costmap_app/obstacle_detected,True
1786391938.288086,/cmd_vel_unsafe,0.0000
1786391938.288154,/costmap_app/stop_active,True
1786391938.310136,monitor_status,OBSTACLE|lethal_cells_in_window|FUSION_ACTIVE|depth_age=0.013
1786391938.314343,/cmd_vel,0.0000
1786391938.359061,/cmd_vel_raw,0.0500
1786391938.364970,/cmd_vel,0.0000
1786391938.388463,/cmd_vel_unsafe,0.0000
1786391938.388484,/costmap_app/stop_active,True
1786391938.416300,/cmd_vel,0.0000
1786391938.458984,/costmap_app/obstacle_detected,True
1786391938.463877,/cmd_vel_raw,0.0500
1786391938.465162,/cmd_vel,0.0000
1786391938.492005,/cmd_vel_unsafe,0.0000
1786391938.496212,/costmap_app/stop_active,True
1786391938.508812,monitor_status,OBSTACLE|lethal_cells_in_window|FUSION_ACTIVE|depth_age=0.014
1786391938.514307,/cmd_vel,0.0000
1786391938.563789,/cmd_vel_raw,0.0500
1786391938.569581,/cmd_vel,0.0000
1786391938.593014,/cmd_vel_unsafe,0.0000
1786391938.593039,/costmap_app/stop_active,True
1786391938.615662,/cmd_vel,0.0000
1786391938.659570,/cmd_vel_raw,0.0500
1786391938.664405,/cmd_vel,0.0000
1786391938.688298,/cmd_vel_unsafe,0.0000
1786391938.688321,/costmap_app/stop_active,True
1786391938.711972,/costmap_app/obstacle_detected,True
1786391938.714185,/cmd_vel,0.0000
1786391938.715467,monitor_status,OBSTACLE|lethal_cells_in_window|FUSION_ACTIVE|depth_age=0.032
1786391938.763539,/cmd_vel_raw,0.0500
1786391938.764278,/cmd_vel,0.0000
1786391938.790119,/cmd_vel_unsafe,0.0000
1786391938.790143,/costmap_app/stop_active,True
1786391938.814146,/costmap_app/obstacle_detected,True
1786391938.815212,/cmd_vel,0.0000
1786391938.858486,/cmd_vel_raw,0.0500
1786391938.866667,/costmap_app/obstacle_detected,True
1786391938.868220,/cmd_vel,0.0000
1786391938.888981,/cmd_vel_unsafe,0.0000
1786391938.892089,/costmap_app/stop_active,True
1786391938.910207,monitor_status,OBSTACLE|lethal_cells_in_window|FUSION_ACTIVE|depth_age=0.015
1786391938.918103,/cmd_vel,0.0000
1786391938.957930,/cmd_vel_raw,0.0500
1786391938.967378,/cmd_vel,0.0000
1786391938.990273,/cmd_vel_unsafe,0.0000
1786391938.990282,/costmap_app/stop_active,True
1786391939.014668,/cmd_vel,0.0000
1786391939.060037,/cmd_vel_raw,0.0500
1786391939.064305,/costmap_app/obstacle_detected,True
1786391939.065826,/cmd_vel,0.0000
1786391939.091738,/cmd_vel_unsafe,0.0000
1786391939.091766,/costmap_app/stop_active,True
1786391939.110456,monitor_status,OBSTACLE|lethal_cells_in_window|FUSION_ACTIVE|depth_age=0.022
1786391939.114359,/cmd_vel,0.0000
1786391939.158385,/cmd_vel_raw,0.0500
1786391939.166916,/cmd_vel,0.0000
1786391939.166944,/costmap_app/obstacle_detected,True
1786391939.189658,/cmd_vel_unsafe,0.0000
1786391939.189684,/costmap_app/stop_active,True
1786391939.216598,/cmd_vel,0.0000
1786391939.257357,/cmd_vel_raw,0.0500
1786391939.268011,/cmd_vel,0.0000
1786391939.287911,/cmd_vel_unsafe,0.0000
1786391939.290122,/costmap_app/stop_active,True
1786391939.314291,/cmd_vel,0.0000
1786391939.314319,/costmap_app/obstacle_detected,True
1786391939.315315,monitor_status,OBSTACLE|lethal_cells_in_window|FUSION_ACTIVE|depth_age=0.026
1786391939.359804,/cmd_vel_raw,0.0500
1786391939.364208,/cmd_vel,0.0000
1786391939.393778,/cmd_vel_unsafe,0.0000
1786391939.393806,/costmap_app/stop_active,True
1786391939.414539,/costmap_app/obstacle_detected,True
1786391939.416117,/cmd_vel,0.0000
1786391939.459542,/cmd_vel_raw,0.0500
1786391939.464562,/cmd_vel,0.0000
1786391939.488919,/cmd_vel_unsafe,0.0000
1786391939.491168,/costmap_app/stop_active,True
1786391939.508030,monitor_status,OBSTACLE|lethal_cells_in_window|FUSION_ACTIVE|depth_age=0.016
1786391939.514781,/cmd_vel,0.0000
1786391939.557444,/cmd_vel_raw,0.0500
1786391939.566043,/cmd_vel,0.0000
1786391939.592579,/cmd_vel_unsafe,0.0000
1786391939.592602,/costmap_app/stop_active,True
1786391939.610171,/costmap_app/obstacle_detected,True
1786391939.618479,/cmd_vel,0.0000
1786391939.657445,/cmd_vel_raw,0.0500
1786391939.668742,/cmd_vel,0.0000
1786391939.690235,/cmd_vel_unsafe,0.0000
1786391939.692108,/costmap_app/stop_active,True
1786391939.709558,monitor_status,OBSTACLE|lethal_cells_in_window|FUSION_ACTIVE|depth_age=0.027
1786391939.715931,/cmd_vel,0.0000
1786391939.760867,/cmd_vel_raw,0.0500
1786391939.764631,/cmd_vel,0.0000
1786391939.766213,/costmap_app/obstacle_detected,True
1786391939.790532,/cmd_vel_unsafe,0.0000
1786391939.790749,/costmap_app/stop_active,True
1786391939.817698,/cmd_vel,0.0000
1786391939.858729,/cmd_vel_raw,0.0500
1786391939.865135,/cmd_vel,0.0000
1786391939.889399,/cmd_vel_unsafe,0.0000
1786391939.892458,/costmap_app/stop_active,True
1786391939.907933,monitor_status,OBSTACLE|lethal_cells_in_window|FUSION_ACTIVE|depth_age=0.021
1786391939.916116,/cmd_vel,0.0000
1786391939.958082,/cmd_vel_raw,0.0500
1786391939.964788,/cmd_vel,0.0000
1786391939.964816,/costmap_app/obstacle_detected,True
1786391939.991460,/cmd_vel_unsafe,0.0000
1786391939.991486,/costmap_app/stop_active,True
1786391940.014717,/cmd_vel,0.0000
1786391940.060907,/cmd_vel_raw,0.0500
1786391940.064937,/cmd_vel,0.0000
1786391940.093710,/cmd_vel_unsafe,0.0000
1786391940.093734,/costmap_app/stop_active,True
1786391940.114076,/costmap_app/obstacle_detected,True
1786391940.123803,/cmd_vel,0.0000
1786391940.123837,monitor_status,OBSTACLE|lethal_cells_in_window|FUSION_ACTIVE|depth_age=0.088
1786391940.158504,/cmd_vel_raw,0.0500
1786391940.164369,/cmd_vel,0.0000
1786391940.190544,/cmd_vel_unsafe,0.0000
1786391940.191051,/costmap_app/stop_active,True
1786391940.216991,/cmd_vel,0.0000
1786391940.257731,/cmd_vel_raw,0.0500
1786391940.259995,/costmap_app/obstacle_detected,True
1786391940.264180,/cmd_vel,0.0000
1786391940.292459,/cmd_vel_unsafe,0.0000
1786391940.292490,/costmap_app/stop_active,True
1786391940.313094,monitor_status,OBSTACLE|lethal_cells_in_window|FUSION_ACTIVE|depth_age=0.062
1786391940.314333,/cmd_vel,0.0000
1786391940.358797,/cmd_vel_raw,0.0500
1786391940.365862,/cmd_vel,0.0000
1786391940.388737,/cmd_vel_unsafe,0.0000
1786391940.388758,/costmap_app/stop_active,True
1786391940.410971,/costmap_app/obstacle_detected,True
1786391940.414262,/cmd_vel,0.0000
1786391940.460932,/cmd_vel_raw,0.0500
1786391940.466256,/cmd_vel,0.0000
1786391940.488082,/cmd_vel_unsafe,0.0000
1786391940.489930,/costmap_app/stop_active,True
1786391940.508518,monitor_status,OBSTACLE|lethal_cells_in_window|FUSION_ACTIVE|depth_age=0.008
1786391940.514444,/cmd_vel,0.0000
1786391940.557434,/cmd_vel_raw,0.0500
1786391940.565464,/cmd_vel,0.0000
1786391940.588048,/cmd_vel_unsafe,0.0000
1786391940.588069,/costmap_app/stop_active,True
1786391940.610038,/costmap_app/obstacle_detected,True
1786391940.615835,/cmd_vel,0.0000
1786391940.660123,/cmd_vel_raw,0.0500
1786391940.668285,/cmd_vel,0.0000
1786391940.688281,/cmd_vel_unsafe,0.0000
1786391940.689224,/costmap_app/stop_active,True
1786391940.708575,/costmap_app/obstacle_detected,True
1786391940.709547,monitor_status,OBSTACLE|lethal_cells_in_window|FUSION_ACTIVE|depth_age=0.015
1786391940.714223,/cmd_vel,0.0000
1786391940.760660,/cmd_vel_raw,0.0500
1786391940.764661,/cmd_vel,0.0000
1786391940.788107,/cmd_vel_unsafe,0.0000
1786391940.791344,/costmap_app/stop_active,True
1786391940.815946,/cmd_vel,0.0000
1786391940.857940,/cmd_vel_raw,0.0500
1786391940.862305,/costmap_app/obstacle_detected,True
1786391940.864827,/cmd_vel,0.0000
1786391940.888244,/cmd_vel_unsafe,0.0000
1786391940.889689,/costmap_app/stop_active,True
1786391940.908011,monitor_status,OBSTACLE|lethal_cells_in_window|FUSION_ACTIVE|depth_age=0.009
1786391940.916389,/cmd_vel,0.0000
1786391940.959521,/cmd_vel_raw,0.0500
1786391940.965936,/cmd_vel,0.0000
1786391940.988104,/cmd_vel_unsafe,0.0000
1786391940.990490,/costmap_app/stop_active,True
1786391941.017907,/cmd_vel,0.0000
1786391941.057207,/cmd_vel_raw,0.0500
1786391941.062731,/costmap_app/obstacle_detected,True
1786391941.065351,/cmd_vel,0.0000
1786391941.088089,/cmd_vel_unsafe,0.0000
1786391941.090708,/costmap_app/stop_active,True
1786391941.107503,monitor_status,OBSTACLE|lethal_cells_in_window|FUSION_ACTIVE|depth_age=0.009
1786391941.115141,/cmd_vel,0.0000
1786391941.159317,/cmd_vel_raw,0.0500
1786391941.165479,/costmap_app/obstacle_detected,True
1786391941.166139,/cmd_vel,0.0000
1786391941.188460,/cmd_vel_unsafe,0.0000
1786391941.189232,/costmap_app/stop_active,True
1786391941.216026,/cmd_vel,0.0000
1786391941.259415,/cmd_vel_raw,0.0500
1786391941.259743,/costmap_app/obstacle_detected,True
1786391941.264194,/cmd_vel,0.0000
1786391941.288444,/cmd_vel_unsafe,0.0000
1786391941.288741,/costmap_app/stop_active,True
1786391941.310589,monitor_status,OBSTACLE|lethal_cells_in_window|FUSION_ACTIVE|depth_age=0.005
1786391941.314586,/cmd_vel,0.0000
1786391941.358391,/cmd_vel_raw,0.0500
1786391941.365827,/cmd_vel,0.0000
1786391941.387968,/cmd_vel_unsafe,0.0000
1786391941.389326,/costmap_app/stop_active,True
1786391941.416132,/cmd_vel,0.0000
1786391941.456969,/cmd_vel_raw,0.0500
1786391941.458289,/costmap_app/obstacle_detected,True
1786391941.465226,/cmd_vel,0.0000
1786391941.491728,/cmd_vel_unsafe,0.0000
1786391941.491755,/costmap_app/stop_active,True
1786391941.508536,monitor_status,OBSTACLE|lethal_cells_in_window|FUSION_ACTIVE|depth_age=0.001
1786391941.516638,/cmd_vel,0.0000
1786391941.558801,/cmd_vel_raw,0.0500
1786391941.564666,/cmd_vel,0.0000
1786391941.588182,/cmd_vel_unsafe,0.0000
1786391941.589253,/costmap_app/stop_active,True
1786391941.617512,/cmd_vel,0.0000
1786391941.656962,/cmd_vel_raw,0.0500
1786391941.658328,/costmap_app/obstacle_detected,True
1786391941.666016,/cmd_vel,0.0000
1786391941.689842,/cmd_vel_unsafe,0.0000
1786391941.690039,/costmap_app/stop_active,True
1786391941.710978,monitor_status,OBSTACLE|lethal_cells_in_window|FUSION_ACTIVE|depth_age=0.002
1786391941.715414,/cmd_vel,0.0000
1786391941.758023,/cmd_vel_raw,0.0500
1786391941.764421,/cmd_vel,0.0000
1786391941.787740,/cmd_vel_unsafe,0.0000
1786391941.787757,/costmap_app/stop_active,True
1786391941.815631,/cmd_vel,0.0000
1786391941.859256,/costmap_app/obstacle_detected,True
1786391941.859279,/cmd_vel_raw,0.0500
1786391941.864696,/cmd_vel,0.0000
1786391941.887753,/cmd_vel_unsafe,0.0000
1786391941.887825,/costmap_app/stop_active,True
1786391941.908962,monitor_status,OBSTACLE|lethal_cells_in_window|FUSION_ACTIVE|depth_age=0.064
1786391941.915254,/cmd_vel,0.0000
1786391941.959420,/cmd_vel_raw,0.0500
1786391941.967498,/cmd_vel,0.0000
1786391941.989872,/cmd_vel_unsafe,0.0000
1786391941.989891,/costmap_app/stop_active,True
1786391942.014910,/cmd_vel,0.0000
1786391942.057652,/cmd_vel_raw,0.0500
1786391942.058617,/costmap_app/obstacle_detected,True
1786391942.064297,/cmd_vel,0.0000
1786391942.089158,/cmd_vel_unsafe,0.0000
1786391942.089177,/costmap_app/stop_active,True
1786391942.107523,monitor_status,OBSTACLE|lethal_cells_in_window|FUSION_ACTIVE|depth_age=0.062
1786391942.116080,/cmd_vel,0.0000
1786391942.159433,/cmd_vel_raw,0.0500
1786391942.165586,/cmd_vel,0.0000
1786391942.189319,/cmd_vel_unsafe,0.0000
1786391942.189346,/costmap_app/stop_active,True
1786391942.214365,/cmd_vel,0.0000
1786391942.257141,/cmd_vel_raw,0.0500
1786391942.265836,/cmd_vel,0.0000
1786391942.288937,/cmd_vel_unsafe,0.0000
1786391942.289100,/costmap_app/stop_active,True
1786391942.308967,/costmap_app/obstacle_detected,True
1786391942.310019,monitor_status,OBSTACLE|lethal_cells_in_window|FUSION_ACTIVE|depth_age=0.054
1786391942.314534,/cmd_vel,0.0000
1786391942.359714,/cmd_vel_raw,0.0500
1786391942.360499,/costmap_app/obstacle_detected,True
1786391942.367890,/cmd_vel,0.0000
1786391942.389505,/cmd_vel_unsafe,0.0000
1786391942.389523,/costmap_app/stop_active,True
1786391942.414869,/cmd_vel,0.0000
1786391942.457763,/cmd_vel_raw,0.0500
1786391942.464493,/costmap_app/obstacle_detected,True
1786391942.466757,/cmd_vel,0.0000
1786391942.487791,/cmd_vel_unsafe,0.0000
1786391942.487809,/costmap_app/stop_active,True
1786391942.507545,monitor_status,OBSTACLE|lethal_cells_in_window|FUSION_ACTIVE|depth_age=0.040
1786391942.514778,/cmd_vel,0.0000
1786391942.560955,/costmap_app/obstacle_detected,True
1786391942.560977,/cmd_vel_raw,0.0000
1786391942.564210,/cmd_vel,0.0000
1786391942.588880,/cmd_vel_unsafe,0.0000
1786391942.588900,/costmap_app/stop_active,True
1786391942.596772,/cmd_vel_raw,0.0000
1786391942.614207,/cmd_vel,0.0000
1786391942.645958,/cmd_vel_raw,0.0000
1786391942.665469,/cmd_vel,0.0000
1786391942.687112,/cmd_vel_raw,0.0000
1786391942.689059,/cmd_vel_unsafe,0.0000
1786391942.689080,/costmap_app/stop_active,True
1786391942.710145,monitor_status,OBSTACLE|lethal_cells_in_window|FUSION_ACTIVE|depth_age=0.041
1786391942.714956,/cmd_vel,0.0000
1786391942.721533,/cmd_vel_raw,0.0000
1786391942.752958,/cmd_vel_raw,0.0000
1786391942.765049,/cmd_vel,0.0000
1786391942.787958,/cmd_vel_raw,0.0000
1786391942.790471,/cmd_vel_unsafe,0.0000
1786391942.790492,/costmap_app/stop_active,True
1786391942.811043,/costmap_app/obstacle_detected,True
1786391942.815454,/cmd_vel,0.0000
1786391942.818954,/cmd_vel_raw,0.0000
1786391942.850322,/cmd_vel_raw,0.0000
1786391942.869796,/cmd_vel,0.0000
1786391942.887838,/cmd_vel_unsafe,0.0000
1786391942.887858,/costmap_app/stop_active,True
1786391942.889665,/cmd_vel_raw,0.0000
1786391942.911373,monitor_status,OBSTACLE|lethal_cells_in_window|FUSION_ACTIVE|depth_age=0.041
1786391942.914220,/cmd_vel,0.0000
1786391942.964252,/cmd_vel,0.0000
1786391942.964546,/costmap_app/obstacle_detected,True
1786391942.990655,/cmd_vel_unsafe,0.0000
1786391942.990678,/costmap_app/stop_active,True
1786391943.016519,/cmd_vel,0.0000
1786391943.065987,/cmd_vel,0.0000
1786391943.102899,/cmd_vel_unsafe,0.0000
1786391943.102923,/costmap_app/stop_active,True
1786391943.109364,monitor_status,OBSTACLE|lethal_cells_in_window|FUSION_ACTIVE|depth_age=0.004
1786391943.115481,/cmd_vel,0.0000
1786391943.166010,/cmd_vel,0.0000
1786391943.189920,/cmd_vel_unsafe,0.0000
1786391943.189963,/costmap_app/stop_active,True
1786391943.212054,/costmap_app/obstacle_detected,True
1786391943.215182,/cmd_vel,0.0000
1786391943.264570,/cmd_vel,0.0000
1786391943.289019,/cmd_vel_unsafe,0.0000
1786391943.289039,/costmap_app/stop_active,True
1786391943.307786,monitor_status,OBSTACLE|lethal_cells_in_window|FUSION_ACTIVE|depth_age=0.035
1786391943.314633,/cmd_vel,0.0000
1786391943.358493,/costmap_app/obstacle_detected,True
1786391943.365035,/cmd_vel,0.0000
1786391943.389465,/cmd_vel_unsafe,0.0000
1786391943.389488,/costmap_app/stop_active,True
1786391943.415947,/cmd_vel,0.0000
1786391943.466604,/cmd_vel,0.0000
1786391943.489069,/cmd_vel_unsafe,0.0000
1786391943.489175,/costmap_app/stop_active,True
1786391943.508873,monitor_status,OBSTACLE|lethal_cells_in_window|FUSION_ACTIVE|depth_age=0.032
1786391943.516614,/cmd_vel,0.0000
1786391943.564317,/cmd_vel,0.0000
1786391943.588500,/cmd_vel_unsafe,0.0000
1786391943.588569,/costmap_app/stop_active,True
1786391943.611194,/costmap_app/obstacle_detected,True
1786391943.616229,/cmd_vel,0.0000
1786391943.670462,/cmd_vel,0.0000
1786391943.687793,/cmd_vel_unsafe,0.0000
1786391943.689148,/costmap_app/stop_active,True
1786391943.707462,monitor_status,OBSTACLE|lethal_cells_in_window|FUSION_ACTIVE|depth_age=0.029
1786391943.718536,/cmd_vel,0.0000
1786391943.764201,/costmap_app/obstacle_detected,True
1786391943.764494,/cmd_vel,0.0000
1786391943.789519,/cmd_vel_unsafe,0.0000
1786391943.789568,/costmap_app/stop_active,True
1786391943.814531,/cmd_vel,0.0000
1786391943.866319,/cmd_vel,0.0000
1786391943.888786,/cmd_vel_unsafe,0.0000
1786391943.888833,/costmap_app/stop_active,True
1786391943.908058,monitor_status,OBSTACLE|lethal_cells_in_window|FUSION_ACTIVE|depth_age=0.024
1786391943.914137,/cmd_vel,0.0000
1786391943.966059,/cmd_vel,0.0000
1786391943.989562,/cmd_vel_unsafe,0.0000
1786391943.989592,/costmap_app/stop_active,True
1786391944.008905,/costmap_app/obstacle_detected,True
1786391944.015012,/cmd_vel,0.0000
1786391944.066575,/cmd_vel,0.0000
1786391944.093179,/cmd_vel_unsafe,0.0000
1786391944.093251,/costmap_app/stop_active,True
1786391944.107376,monitor_status,OBSTACLE|lethal_cells_in_window|FUSION_ACTIVE|depth_age=0.017
1786391944.114182,/cmd_vel,0.0000
1786391944.164295,/cmd_vel,0.0000
1786391944.189608,/cmd_vel_unsafe,0.0000
1786391944.189707,/costmap_app/stop_active,True
1786391944.209451,/costmap_app/obstacle_detected,True
1786391944.214613,/cmd_vel,0.0000
1786391944.264862,/cmd_vel,0.0000
1786391944.291216,/cmd_vel_unsafe,0.0000
1786391944.291270,/costmap_app/stop_active,True
1786391944.307511,monitor_status,OBSTACLE|lethal_cells_in_window|FUSION_ACTIVE|depth_age=0.021
1786391944.314154,/cmd_vel,0.0000
1786391944.365872,/cmd_vel,0.0000
1786391944.389194,/cmd_vel_unsafe,0.0000
1786391944.389631,/costmap_app/stop_active,True
1786391944.409278,/costmap_app/obstacle_detected,True
1786391944.419549,/cmd_vel,0.0000
1786391944.464589,/cmd_vel,0.0000
1786391944.488466,/cmd_vel_unsafe,0.0000
1786391944.489491,/costmap_app/stop_active,True
1786391944.507642,monitor_status,OBSTACLE|lethal_cells_in_window|FUSION_ACTIVE|depth_age=0.009
1786391944.514624,/cmd_vel,0.0000
1786391944.566572,/cmd_vel,0.0000
1786391944.588219,/cmd_vel_unsafe,0.0000
1786391944.589467,/costmap_app/stop_active,True
1786391944.612363,/costmap_app/obstacle_detected,True
1786391944.615204,/cmd_vel,0.0000
1786391944.664201,/cmd_vel,0.0000
1786391944.692280,/cmd_vel_unsafe,0.0000
1786391944.692297,/costmap_app/stop_active,True
1786391944.707547,monitor_status,OBSTACLE|lethal_cells_in_window|FUSION_ACTIVE|depth_age=0.008
1786391944.714525,/cmd_vel,0.0000
1786391944.758552,/costmap_app/obstacle_detected,True
1786391944.767604,/cmd_vel,0.0000
1786391944.788561,/cmd_vel_unsafe,0.0000
1786391944.790023,/costmap_app/stop_active,True
1786391944.815623,/cmd_vel,0.0000
1786391944.858212,/costmap_app/obstacle_detected,True
1786391944.864182,/cmd_vel,0.0000
1786391944.889372,/cmd_vel_unsafe,0.0000
1786391944.889391,/costmap_app/stop_active,True
1786391944.908381,monitor_status,OBSTACLE|lethal_cells_in_window|FUSION_ACTIVE|depth_age=0.008
1786391944.914245,/cmd_vel,0.0000
1786391944.964645,/cmd_vel,0.0000
1786391944.990305,/cmd_vel_unsafe,0.0000
1786391944.990325,/costmap_app/stop_active,True
1786391945.015652,/cmd_vel,0.0000
1786391945.058110,/costmap_app/obstacle_detected,True
1786391945.064397,/cmd_vel,0.0000
1786391945.089150,/cmd_vel_unsafe,0.0000
1786391945.089171,/costmap_app/stop_active,True
1786391945.108298,monitor_status,OBSTACLE|lethal_cells_in_window|FUSION_ACTIVE|depth_age=0.004
1786391945.114307,/cmd_vel,0.0000
1786391945.164687,/cmd_vel,0.0000
1786391945.189630,/cmd_vel_unsafe,0.0000
1786391945.189652,/costmap_app/stop_active,True
1786391945.215068,/cmd_vel,0.0000
1786391945.258285,/costmap_app/obstacle_detected,True
1786391945.264189,/cmd_vel,0.0000
1786391945.290879,/cmd_vel_unsafe,0.0000
1786391945.290902,/costmap_app/stop_active,True
1786391945.307586,monitor_status,OBSTACLE|lethal_cells_in_window|FUSION_ACTIVE|depth_age=0.061
1786391945.318805,/cmd_vel,0.0000
1786391945.364798,/cmd_vel,0.0000
1786391945.388932,/cmd_vel_unsafe,0.0000
1786391945.390441,/costmap_app/stop_active,True
1786391945.414687,/cmd_vel,0.0000
1786391945.464986,/cmd_vel,0.0000
1786391945.489678,/cmd_vel_unsafe,0.0000
1786391945.489696,/costmap_app/stop_active,True
1786391945.510231,monitor_status,OBSTACLE|lethal_cells_in_window|FUSION_ACTIVE|depth_age=0.066
1786391945.510256,/costmap_app/obstacle_detected,True
1786391945.518513,/cmd_vel,0.0000
1786391945.564299,/cmd_vel,0.0000
1786391945.595393,/cmd_vel_unsafe,0.0000
1786391945.595417,/costmap_app/stop_active,True
1786391945.610780,/costmap_app/obstacle_detected,True
1786391945.614495,/cmd_vel,0.0000
1786391945.666621,/cmd_vel,0.0000
1786391945.690879,/cmd_vel_unsafe,0.0000
1786391945.693914,/costmap_app/stop_active,True
1786391945.707860,monitor_status,OBSTACLE|lethal_cells_in_window|FUSION_ACTIVE|depth_age=0.019
1786391945.714450,/cmd_vel,0.0000
1786391945.766186,/cmd_vel,0.0000
1786391945.789594,/cmd_vel_unsafe,0.0000
1786391945.789621,/costmap_app/stop_active,True
1786391945.810695,/costmap_app/obstacle_detected,True
1786391945.814927,/cmd_vel,0.0000
1786391945.863021,/costmap_app/obstacle_detected,True
1786391945.867560,/cmd_vel,0.0000
1786391945.892567,/cmd_vel_unsafe,0.0000
1786391945.892587,/costmap_app/stop_active,True
1786391945.912260,monitor_status,OBSTACLE|lethal_cells_in_window|FUSION_ACTIVE|depth_age=0.011
1786391945.915796,/cmd_vel,0.0000
1786391945.968566,/cmd_vel,0.0000
1786391945.990141,/cmd_vel_unsafe,0.0000
1786391945.990165,/costmap_app/stop_active,True
1786391946.018051,/cmd_vel,0.0000
1786391946.061420,/costmap_app/obstacle_detected,True
1786391946.066776,/cmd_vel,0.0000
1786391946.092633,/cmd_vel_unsafe,0.0000
1786391946.092662,/costmap_app/stop_active,True
1786391946.113400,monitor_status,OBSTACLE|lethal_cells_in_window|FUSION_ACTIVE|depth_age=0.092
1786391946.115462,/cmd_vel,0.0000
1786391946.164317,/cmd_vel,0.0000
1786391946.190081,/cmd_vel_unsafe,0.0000
1786391946.190104,/costmap_app/stop_active,True
1786391946.216258,/cmd_vel,0.0000
1786391946.260830,/costmap_app/obstacle_detected,True
1786391946.267946,/cmd_vel,0.0000
1786391946.291830,/cmd_vel_unsafe,0.0000
1786391946.291898,/costmap_app/stop_active,True
1786391946.307820,monitor_status,OBSTACLE|lethal_cells_in_window|FUSION_ACTIVE|depth_age=0.018
1786391946.314497,/cmd_vel,0.0000
1786391946.363742,/costmap_app/obstacle_detected,True
1786391946.364448,/cmd_vel,0.0000
1786391946.390643,/cmd_vel_unsafe,0.0000
1786391946.390680,/costmap_app/stop_active,True
1786391946.414703,/cmd_vel,0.0000
1786391946.460325,/costmap_app/obstacle_detected,True
1786391946.464910,/cmd_vel,0.0000
1786391946.489039,/cmd_vel_unsafe,0.0000
1786391946.489115,/costmap_app/stop_active,True
1786391946.507925,monitor_status,OBSTACLE|lethal_cells_in_window|FUSION_ACTIVE|depth_age=0.008
1786391946.516080,/cmd_vel,0.0000
1786391946.565185,/cmd_vel,0.0000
1786391946.587976,/cmd_vel_unsafe,0.0000
1786391946.588190,/costmap_app/stop_active,True
1786391946.618438,/cmd_vel,0.0000
1786391946.663830,/costmap_app/obstacle_detected,True
1786391946.666366,/cmd_vel,0.0000
1786391946.691705,/cmd_vel_unsafe,0.0000
1786391946.691760,/costmap_app/stop_active,True
1786391946.707602,monitor_status,OBSTACLE|lethal_cells_in_window|FUSION_ACTIVE|depth_age=0.018
1786391946.716699,/cmd_vel,0.0000
1786391946.764667,/cmd_vel,0.0000
1786391946.788517,/cmd_vel_unsafe,0.0000
1786391946.788707,/costmap_app/stop_active,True
1786391946.815658,/cmd_vel,0.0000
1786391946.861433,/costmap_app/obstacle_detected,True
1786391946.865272,/cmd_vel,0.0000
1786391946.891643,/cmd_vel_unsafe,0.0000
1786391946.891697,/costmap_app/stop_active,True
1786391946.907823,monitor_status,OBSTACLE|lethal_cells_in_window|FUSION_ACTIVE|depth_age=0.020
1786391946.917227,/cmd_vel,0.0000
1786391946.968738,/cmd_vel,0.0000
1786391946.988014,/cmd_vel_unsafe,0.0000
1786391946.988246,/costmap_app/stop_active,True
1786391947.015172,/cmd_vel,0.0000
1786391947.058559,/costmap_app/obstacle_detected,True
1786391947.067669,/cmd_vel,0.0000
1786391947.090563,/cmd_vel_unsafe,0.0000
1786391947.090853,/costmap_app/stop_active,True
1786391947.109443,monitor_status,OBSTACLE|lethal_cells_in_window|FUSION_ACTIVE|depth_age=0.020
1786391947.114626,/cmd_vel,0.0000
1786391947.164816,/cmd_vel,0.0000
1786391947.188421,/cmd_vel_unsafe,0.0000
1786391947.188440,/costmap_app/stop_active,True
1786391947.218164,/cmd_vel,0.0000
1786391947.261742,/costmap_app/obstacle_detected,True
1786391947.265032,/cmd_vel,0.0000
1786391947.290190,/cmd_vel_unsafe,0.0000
1786391947.295964,/costmap_app/stop_active,True
1786391947.307783,monitor_status,OBSTACLE|lethal_cells_in_window|FUSION_ACTIVE|depth_age=0.013
1786391947.315541,/cmd_vel,0.0000
1786391947.366744,/cmd_vel,0.0000
1786391947.366835,/costmap_app/obstacle_detected,True
1786391947.387791,/cmd_vel_unsafe,0.0000
1786391947.387811,/costmap_app/stop_active,True
1786391947.416264,/cmd_vel,0.0000
1786391947.466568,/cmd_vel,0.0000
1786391947.488117,/cmd_vel_unsafe,0.0000
1786391947.488138,/costmap_app/stop_active,True
1786391947.509990,monitor_status,OBSTACLE|lethal_cells_in_window|FUSION_ACTIVE|depth_age=0.010
1786391947.515463,/cmd_vel,0.0000
1786391947.566163,/costmap_app/obstacle_detected,True
1786391947.567132,/cmd_vel,0.0000
1786391947.588430,/cmd_vel_unsafe,0.0000
1786391947.588452,/costmap_app/stop_active,True
1786391947.617433,/cmd_vel,0.0000
1786391947.667656,/cmd_vel,0.0000
1786391947.692989,/cmd_vel_unsafe,0.0000
1786391947.693043,/costmap_app/stop_active,True
1786391947.709062,/costmap_app/obstacle_detected,True
1786391947.716298,monitor_status,OBSTACLE|lethal_cells_in_window|FUSION_ACTIVE|depth_age=0.028
1786391947.720994,/cmd_vel,0.0000
1786391947.759719,/costmap_app/obstacle_detected,True
1786391947.767803,/cmd_vel,0.0000
1786391947.788778,/cmd_vel_unsafe,0.0000
1786391947.788871,/costmap_app/stop_active,True
1786391947.817826,/cmd_vel,0.0000
1786391947.864332,/cmd_vel,0.0000
1786391947.893445,/cmd_vel_unsafe,0.0000
1786391947.893480,/costmap_app/stop_active,True
1786391947.908365,monitor_status,OBSTACLE|lethal_cells_in_window|FUSION_ACTIVE|depth_age=0.048
1786391947.914497,/cmd_vel,0.0000
1786391947.959245,/costmap_app/obstacle_detected,True
1786391947.966457,/cmd_vel,0.0000
1786391947.989666,/cmd_vel_unsafe,0.0000
1786391947.989685,/costmap_app/stop_active,True
1786391948.014356,/cmd_vel,0.0000
1786391948.058493,/costmap_app/obstacle_detected,True
1786391948.066023,/cmd_vel,0.0000
1786391948.087856,/cmd_vel_unsafe,0.0000
1786391948.088082,/costmap_app/stop_active,True
1786391948.107821,monitor_status,OBSTACLE|lethal_cells_in_window|FUSION_ACTIVE|depth_age=0.007
1786391948.114280,/cmd_vel,0.0000
1786391948.168210,/cmd_vel,0.0000
1786391948.187773,/cmd_vel_unsafe,0.0000
1786391948.188425,/costmap_app/stop_active,True
1786391948.214366,/cmd_vel,0.0000
1786391948.259009,/costmap_app/obstacle_detected,True
1786391948.266084,/cmd_vel,0.0000
1786391948.289199,/cmd_vel_unsafe,0.0000
1786391948.289219,/costmap_app/stop_active,True
1786391948.310808,monitor_status,OBSTACLE|lethal_cells_in_window|FUSION_ACTIVE|depth_age=0.004
1786391948.315593,/cmd_vel,0.0000
1786391948.365286,/cmd_vel,0.0000
1786391948.389222,/cmd_vel_unsafe,0.0000
1786391948.389243,/costmap_app/stop_active,True
1786391948.414765,/cmd_vel,0.0000
1786391948.459558,/costmap_app/obstacle_detected,True
1786391948.464180,/cmd_vel,0.0000
1786391948.489882,/cmd_vel_unsafe,0.0000
1786391948.490050,/costmap_app/stop_active,True
1786391948.507480,monitor_status,OBSTACLE|lethal_cells_in_window|FUSION_ACTIVE|depth_age=0.003
1786391948.516730,/cmd_vel,0.0000
1786391948.565387,/cmd_vel,0.0000
1786391948.589869,/cmd_vel_unsafe,0.0000
1786391948.590012,/costmap_app/stop_active,True
1786391948.615520,/cmd_vel,0.0000
1786391948.658403,/costmap_app/obstacle_detected,True
1786391948.665006,/cmd_vel,0.0000
1786391948.688871,/cmd_vel_unsafe,0.0000
1786391948.689003,/costmap_app/stop_active,True
1786391948.712964,monitor_status,OBSTACLE|lethal_cells_in_window|FUSION_ACTIVE|depth_age=0.001
1786391948.715325,/cmd_vel,0.0000
1786391948.764200,/cmd_vel,0.0000
1786391948.788888,/cmd_vel_unsafe,0.0000
1786391948.788908,/costmap_app/stop_active,True
1786391948.815095,/cmd_vel,0.0000
1786391948.859208,/costmap_app/obstacle_detected,True
1786391948.864283,/cmd_vel,0.0000
1786391948.887869,/cmd_vel_unsafe,0.0000
1786391948.888385,/costmap_app/stop_active,True
1786391948.910068,monitor_status,OBSTACLE|lethal_cells_in_window|FUSION_ACTIVE|depth_age=0.060
1786391948.917481,/cmd_vel,0.0000
1786391948.964297,/cmd_vel,0.0000
1786391948.989017,/cmd_vel_unsafe,0.0000
1786391948.989040,/costmap_app/stop_active,True
1786391949.014260,/cmd_vel,0.0000
1786391949.059415,/costmap_app/obstacle_detected,True
1786391949.064106,/cmd_vel,0.0000
1786391949.090434,/cmd_vel_unsafe,0.0000
1786391949.090453,/costmap_app/stop_active,True
1786391949.107688,monitor_status,OBSTACLE|lethal_cells_in_window|FUSION_ACTIVE|depth_age=0.057
1786391949.117763,/cmd_vel,0.0000
1786391949.166680,/cmd_vel,0.0000
1786391949.188499,/cmd_vel_unsafe,0.0000
1786391949.188504,/costmap_app/stop_active,True
1786391949.218071,/cmd_vel,0.0000
1786391949.264979,/cmd_vel,0.0000
1786391949.288643,/cmd_vel_unsafe,0.0000
1786391949.289338,/costmap_app/stop_active,True
1786391949.313245,/costmap_app/obstacle_detected,True
1786391949.316161,/cmd_vel,0.0000
1786391949.316180,monitor_status,OBSTACLE|lethal_cells_in_window|FUSION_ACTIVE|depth_age=0.056
1786391949.364342,/cmd_vel,0.0000
1786391949.390435,/cmd_vel_unsafe,0.0000
1786391949.390458,/costmap_app/stop_active,True
1786391949.414186,/cmd_vel,0.0000
1786391949.464051,/costmap_app/obstacle_detected,True
1786391949.465718,/cmd_vel,0.0000
1786391949.487864,/cmd_vel_unsafe,0.0000
1786391949.487885,/costmap_app/stop_active,True
1786391949.510206,monitor_status,OBSTACLE|lethal_cells_in_window|FUSION_ACTIVE|depth_age=0.046
1786391949.514318,/cmd_vel,0.0000
1786391949.564909,/cmd_vel,0.0000
1786391949.591740,/cmd_vel_unsafe,0.0000
1786391949.591764,/costmap_app/stop_active,True
1786391949.614129,/cmd_vel,0.0000
1786391949.665169,/cmd_vel,0.0000
1786391949.689788,/cmd_vel_unsafe,0.0000
1786391949.689874,/costmap_app/stop_active,True
1786391949.710093,/costmap_app/obstacle_detected,True
1786391949.710845,monitor_status,OBSTACLE|lethal_cells_in_window|FUSION_ACTIVE|depth_age=0.053
1786391949.714569,/cmd_vel,0.0000
1786391949.759387,/costmap_app/obstacle_detected,True
1786391949.764132,/cmd_vel,0.0000
1786391949.789610,/cmd_vel_unsafe,0.0000
1786391949.789657,/costmap_app/stop_active,True
1786391949.814175,/cmd_vel,0.0000
1786391949.870955,/cmd_vel,0.0000
1786391949.888008,/cmd_vel_unsafe,0.0000
1786391949.888025,/costmap_app/stop_active,True
1786391949.912078,/costmap_app/obstacle_detected,True
1786391949.913539,monitor_status,OBSTACLE|lethal_cells_in_window|FUSION_ACTIVE|depth_age=0.047
1786391949.916243,/cmd_vel,0.0000
1786391949.964315,/cmd_vel,0.0000
1786391949.987849,/cmd_vel_unsafe,0.0000
1786391949.987868,/costmap_app/stop_active,True
1786391950.015198,/cmd_vel,0.0000
1786391950.065143,/costmap_app/obstacle_detected,True
1786391950.065303,/cmd_vel,0.0000
1786391950.087771,/cmd_vel_unsafe,0.0000
1786391950.087789,/costmap_app/stop_active,True
1786391950.110190,monitor_status,OBSTACLE|lethal_cells_in_window|FUSION_ACTIVE|depth_age=0.042
1786391950.114327,/cmd_vel,0.0000
1786391950.164290,/cmd_vel,0.0000
1786391950.187951,/cmd_vel_unsafe,0.0000
1786391950.188029,/costmap_app/stop_active,True
1786391950.214248,/cmd_vel,0.0000
1786391950.267171,/cmd_vel,0.0000
1786391950.288738,/cmd_vel_unsafe,0.0000
1786391950.288756,/costmap_app/stop_active,True
1786391950.316793,/cmd_vel,0.0000
1786391950.316819,/costmap_app/obstacle_detected,True
1786391950.317051,monitor_status,OBSTACLE|lethal_cells_in_window|FUSION_ACTIVE|depth_age=0.045
1786391950.359735,/costmap_app/obstacle_detected,True
1786391950.364924,/cmd_vel,0.0000
1786391950.388676,/cmd_vel_unsafe,0.0000
1786391950.389303,/costmap_app/stop_active,True
1786391950.415396,/cmd_vel,0.0000
1786391950.465997,/cmd_vel,0.0000
1786391950.487732,/cmd_vel_unsafe,0.0000
1786391950.488135,/costmap_app/stop_active,True
1786391950.508762,monitor_status,OBSTACLE|lethal_cells_in_window|FUSION_ACTIVE|depth_age=0.034
1786391950.514278,/cmd_vel,0.0000
1786391950.558554,/costmap_app/obstacle_detected,True
1786391950.564312,/cmd_vel,0.0000
1786391950.588637,/cmd_vel_unsafe,0.0000
1786391950.588660,/costmap_app/stop_active,True
1786391950.615432,/cmd_vel,0.0000
1786391950.664746,/cmd_vel,0.0000
1786391950.688275,/cmd_vel_unsafe,0.0000
1786391950.688337,/costmap_app/stop_active,True
1786391950.707403,monitor_status,OBSTACLE|lethal_cells_in_window|FUSION_ACTIVE|depth_age=0.032
1786391950.714756,/cmd_vel,0.0000
1786391950.759740,/costmap_app/obstacle_detected,True
1786391950.765797,/cmd_vel,0.0000
1786391950.788518,/cmd_vel_unsafe,0.0000
1786391950.788541,/costmap_app/stop_active,True
1786391950.815895,/cmd_vel,0.0000
1786391950.865581,/cmd_vel,0.0000
1786391950.888063,/cmd_vel_unsafe,0.0000
1786391950.888084,/costmap_app/stop_active,True
1786391950.908134,monitor_status,OBSTACLE|lethal_cells_in_window|FUSION_ACTIVE|depth_age=0.028
1786391950.917312,/cmd_vel,0.0000
1786391950.960569,/costmap_app/obstacle_detected,True
1786391950.965454,/cmd_vel,0.0000
1786391950.989987,/cmd_vel_unsafe,0.0000
1786391950.990007,/costmap_app/stop_active,True
1786391951.015948,/cmd_vel,0.0000
1786391951.064496,/cmd_vel,0.0000
1786391951.090721,/cmd_vel_unsafe,0.0000
1786391951.090745,/costmap_app/stop_active,True
1786391951.107501,monitor_status,OBSTACLE|lethal_cells_in_window|FUSION_ACTIVE|depth_age=0.018
1786391951.114447,/cmd_vel,0.0000
1786391951.165018,/cmd_vel,0.0000
1786391951.187871,/cmd_vel_unsafe,0.0000
1786391951.187895,/costmap_app/stop_active,True
1786391951.209905,/costmap_app/obstacle_detected,True
1786391951.214266,/cmd_vel,0.0000
1786391951.266209,/cmd_vel,0.0000
1786391951.288736,/cmd_vel_unsafe,0.0000
1786391951.288759,/costmap_app/stop_active,True
1786391951.309026,/costmap_app/obstacle_detected,True
1786391951.309685,monitor_status,OBSTACLE|lethal_cells_in_window|FUSION_ACTIVE|depth_age=0.022
1786391951.314618,/cmd_vel,0.0000
1786391951.368126,/cmd_vel,0.0000
1786391951.388559,/cmd_vel_unsafe,0.0000
1786391951.388581,/costmap_app/stop_active,True
1786391951.415811,/cmd_vel,0.0000
1786391951.459415,/costmap_app/obstacle_detected,True
1786391951.466160,/cmd_vel,0.0000
1786391951.489547,/cmd_vel_unsafe,0.0000
1786391951.490446,/costmap_app/stop_active,True
1786391951.507634,monitor_status,OBSTACLE|lethal_cells_in_window|FUSION_ACTIVE|depth_age=0.015
1786391951.515703,/cmd_vel,0.0000
1786391951.563094,/costmap_app/obstacle_detected,True
1786391951.566957,/cmd_vel,0.0000
1786391951.587831,/cmd_vel_unsafe,0.0000
1786391951.587852,/costmap_app/stop_active,True
1786391951.614861,/cmd_vel,0.0000
1786391951.665102,/cmd_vel,0.0000
1786391951.687976,/cmd_vel_unsafe,0.0000
1786391951.687999,/costmap_app/stop_active,True
1786391951.708377,/costmap_app/obstacle_detected,True
1786391951.708771,monitor_status,OBSTACLE|lethal_cells_in_window|FUSION_ACTIVE|depth_age=0.013
1786391951.714311,/cmd_vel,0.0000
1786391951.767433,/cmd_vel,0.0000
1786391951.787829,/cmd_vel_unsafe,0.0000
1786391951.787847,/costmap_app/stop_active,True
1786391951.814719,/cmd_vel,0.0000
1786391951.858871,/costmap_app/obstacle_detected,True
1786391951.865185,/cmd_vel,0.0000
1786391951.887810,/cmd_vel_unsafe,0.0000
1786391951.887829,/costmap_app/stop_active,True
1786391951.910809,monitor_status,OBSTACLE|lethal_cells_in_window|FUSION_ACTIVE|depth_age=0.001
1786391951.914548,/cmd_vel,0.0000
1786391951.958764,/costmap_app/obstacle_detected,True
1786391951.965381,/cmd_vel,0.0000
1786391951.988093,/cmd_vel_unsafe,0.0000
1786391951.988129,/costmap_app/stop_active,True
1786391952.014367,/cmd_vel,0.0000
1786391952.065681,/cmd_vel,0.0000
1786391952.088113,/cmd_vel_unsafe,0.0000
1786391952.088133,/costmap_app/stop_active,True
1786391952.107486,monitor_status,OBSTACLE|lethal_cells_in_window|FUSION_ACTIVE|depth_age=0.037
1786391952.114367,/cmd_vel,0.0000
1786391952.164604,/cmd_vel,0.0000
1786391952.187750,/cmd_vel_unsafe,0.0000
1786391952.187764,/costmap_app/stop_active,True
1786391952.209322,/costmap_app/obstacle_detected,True
1786391952.215595,/cmd_vel,0.0000
1786391952.265827,/cmd_vel,0.0000
1786391952.287801,/cmd_vel_unsafe,0.0000
1786391952.287815,/costmap_app/stop_active,True
1786391952.308068,monitor_status,OBSTACLE|lethal_cells_in_window|FUSION_ACTIVE|depth_age=0.022
1786391952.315076,/cmd_vel,0.0000
1786391952.364696,/cmd_vel,0.0000
1786391952.391765,/cmd_vel_unsafe,0.0000
1786391952.391796,/costmap_app/stop_active,True
1786391952.412418,/costmap_app/obstacle_detected,True
1786391952.418037,/cmd_vel,0.0000
1786391952.465927,/cmd_vel,0.0000
1786391952.488098,/cmd_vel_unsafe,0.0000
1786391952.488119,/costmap_app/stop_active,True
1786391952.507581,monitor_status,OBSTACLE|lethal_cells_in_window|FUSION_ACTIVE|depth_age=0.012
1786391952.514155,/cmd_vel,0.0000
1786391952.565208,/cmd_vel,0.0000
1786391952.588752,/cmd_vel_unsafe,0.0000
1786391952.588772,/costmap_app/stop_active,True
1786391952.610380,/costmap_app/obstacle_detected,True
1786391952.616649,/cmd_vel,0.0000
1786391952.663820,/costmap_app/obstacle_detected,True
1786391952.664587,/cmd_vel,0.0000
1786391952.688946,/cmd_vel_unsafe,0.0000
1786391952.688972,/costmap_app/stop_active,True
1786391952.708336,monitor_status,OBSTACLE|lethal_cells_in_window|FUSION_ACTIVE|depth_age=0.020
1786391952.714462,/cmd_vel,0.0000
1786391952.764474,/cmd_vel,0.0000
1786391952.788232,/cmd_vel_unsafe,0.0000
1786391952.789295,/costmap_app/stop_active,True
1786391952.818119,/cmd_vel,0.0000
1786391952.859885,/costmap_app/obstacle_detected,True
1786391952.864271,/cmd_vel,0.0000
1786391952.888816,/cmd_vel_unsafe,0.0000
1786391952.888834,/costmap_app/stop_active,True
1786391952.908015,monitor_status,OBSTACLE|lethal_cells_in_window|FUSION_ACTIVE|depth_age=0.020
1786391952.914231,/cmd_vel,0.0000
1786391952.970553,/cmd_vel,0.0000
1786391952.989531,/cmd_vel_unsafe,0.0000
1786391952.989586,/costmap_app/stop_active,True
1786391953.013267,/costmap_app/obstacle_detected,True
1786391953.014472,/cmd_vel,0.0000
1786391953.064279,/cmd_vel,0.0000
1786391953.090230,/cmd_vel_unsafe,0.0000
1786391953.090271,/costmap_app/stop_active,True
1786391953.108894,monitor_status,OBSTACLE|lethal_cells_in_window|FUSION_ACTIVE|depth_age=0.004
1786391953.115176,/cmd_vel,0.0000
1786391953.164184,/cmd_vel,0.0000
1786391953.189180,/cmd_vel_unsafe,0.0000
1786391953.189205,/costmap_app/stop_active,True
1786391953.213462,/costmap_app/obstacle_detected,True
1786391953.216905,/cmd_vel,0.0000
1786391953.265040,/cmd_vel,0.0000
1786391953.290139,/cmd_vel_unsafe,0.0000
1786391953.290161,/costmap_app/stop_active,True
1786391953.310502,monitor_status,OBSTACLE|lethal_cells_in_window|FUSION_ACTIVE|depth_age=0.011
1786391953.315178,/cmd_vel,0.0000
1786391953.366027,/costmap_app/obstacle_detected,True
1786391953.367023,/cmd_vel,0.0000
1786391953.388552,/cmd_vel_unsafe,0.0000
1786391953.388581,/costmap_app/stop_active,True
1786391953.414558,/cmd_vel,0.0000
1786391953.465219,/cmd_vel,0.0000
1786391953.488671,/cmd_vel_unsafe,0.0000
1786391953.489609,/costmap_app/stop_active,True
1786391953.509815,monitor_status,OBSTACLE|lethal_cells_in_window|FUSION_ACTIVE|depth_age=0.008
1786391953.522081,/cmd_vel,0.0000
1786391953.566416,/cmd_vel,0.0000
1786391953.588546,/cmd_vel_unsafe,0.0000
1786391953.588568,/costmap_app/stop_active,True
1786391953.609580,/costmap_app/obstacle_detected,True
1786391953.617002,/cmd_vel,0.0000
1786391953.659765,/costmap_app/obstacle_detected,True
1786391953.665785,/cmd_vel,0.0000
1786391953.689284,/cmd_vel_unsafe,0.0000
1786391953.689307,/costmap_app/stop_active,True
1786391953.710919,monitor_status,OBSTACLE|lethal_cells_in_window|FUSION_ACTIVE|depth_age=0.009
1786391953.715796,/cmd_vel,0.0000
1786391953.764222,/cmd_vel,0.0000
1786391953.788512,/cmd_vel_unsafe,0.0000
1786391953.788533,/costmap_app/stop_active,True
1786391953.816872,/cmd_vel,0.0000
1786391953.859975,/costmap_app/obstacle_detected,True
1786391953.867110,/cmd_vel,0.0000
1786391953.889735,/cmd_vel_unsafe,0.0000
1786391953.889760,/costmap_app/stop_active,True
1786391953.911835,monitor_status,OBSTACLE|lethal_cells_in_window|FUSION_ACTIVE|depth_age=0.007
1786391953.918501,/cmd_vel,0.0000
1786391953.967240,/cmd_vel,0.0000
1786391953.987970,/cmd_vel_unsafe,0.0000
1786391953.987991,/costmap_app/stop_active,True
1786391954.016409,/cmd_vel,0.0000
1786391954.062179,/costmap_app/obstacle_detected,True
1786391954.064338,/cmd_vel,0.0000
1786391954.088081,/cmd_vel_unsafe,0.0000
1786391954.090582,/costmap_app/stop_active,True
1786391954.107494,monitor_status,OBSTACLE|lethal_cells_in_window|FUSION_ACTIVE|depth_age=0.009
1786391954.115217,/cmd_vel,0.0000
1786391954.165645,/cmd_vel,0.0000
1786391954.189240,/cmd_vel_unsafe,0.0000
1786391954.189265,/costmap_app/stop_active,True
1786391954.212755,/costmap_app/obstacle_detected,True
1786391954.218515,/cmd_vel,0.0000
1786391954.267193,/cmd_vel,0.0000
1786391954.289694,/cmd_vel_unsafe,0.0000
1786391954.289715,/costmap_app/stop_active,True
1786391954.307749,monitor_status,OBSTACLE|lethal_cells_in_window|FUSION_ACTIVE|depth_age=0.014
1786391954.314420,/cmd_vel,0.0000
1786391954.362763,/costmap_app/obstacle_detected,True
1786391954.368121,/cmd_vel,0.0000
1786391954.392394,/cmd_vel_unsafe,0.0000
1786391954.392415,/costmap_app/stop_active,True
1786391954.416987,/cmd_vel,0.0000
1786391954.468067,/cmd_vel,0.0000
1786391954.488040,/cmd_vel_unsafe,0.0000
1786391954.488058,/costmap_app/stop_active,True
1786391954.507669,monitor_status,OBSTACLE|lethal_cells_in_window|FUSION_ACTIVE|depth_age=0.009
1786391954.514368,/cmd_vel,0.0000
1786391954.566316,/cmd_vel,0.0000
1786391954.570772,/costmap_app/obstacle_detected,True
1786391954.588245,/cmd_vel_unsafe,0.0000
1786391954.588265,/costmap_app/stop_active,True
1786391954.617131,/cmd_vel,0.0000
1786391954.665673,/cmd_vel,0.0000
1786391954.690189,/cmd_vel_unsafe,0.0000
1786391954.690446,/costmap_app/stop_active,True
1786391954.710021,monitor_status,OBSTACLE|lethal_cells_in_window|FUSION_ACTIVE|depth_age=0.001
1786391954.715263,/cmd_vel,0.0000
1786391954.764449,/cmd_vel,0.0000
1786391954.788934,/cmd_vel_unsafe,0.0000
1786391954.788956,/costmap_app/stop_active,True
1786391954.812387,/costmap_app/obstacle_detected,True
1786391954.820114,/cmd_vel,0.0000
1786391954.864867,/cmd_vel,0.0000
1786391954.892140,/cmd_vel_unsafe,0.0000
1786391954.892163,/costmap_app/stop_active,True
1786391954.911698,monitor_status,OBSTACLE|lethal_cells_in_window|FUSION_ACTIVE|depth_age=0.065
1786391954.915008,/cmd_vel,0.0000
1786391954.966038,/cmd_vel,0.0000
1786391954.989751,/cmd_vel_unsafe,0.0000
1786391954.989774,/costmap_app/stop_active,True
1786391955.014717,/costmap_app/obstacle_detected,True
1786391955.015144,/cmd_vel,0.0000
1786391955.062260,/costmap_app/obstacle_detected,True
1786391955.066293,/cmd_vel,0.0000
1786391955.089701,/cmd_vel_unsafe,0.0000
1786391955.089722,/costmap_app/stop_active,True
1786391955.108632,monitor_status,OBSTACLE|lethal_cells_in_window|FUSION_ACTIVE|depth_age=0.044
1786391955.115499,/cmd_vel,0.0000
1786391955.167235,/cmd_vel,0.0000
1786391955.189874,/cmd_vel_unsafe,0.0000
1786391955.189984,/costmap_app/stop_active,True
1786391955.214607,/cmd_vel,0.0000
1786391955.265533,/cmd_vel,0.0000
1786391955.289208,/cmd_vel_unsafe,0.0000
1786391955.289228,/costmap_app/stop_active,True
1786391955.310664,/costmap_app/obstacle_detected,True
1786391955.314636,monitor_status,OBSTACLE|lethal_cells_in_window|FUSION_ACTIVE|depth_age=0.070
1786391955.316988,/cmd_vel,0.0000
1786391955.365650,/cmd_vel,0.0000
1786391955.391555,/cmd_vel_unsafe,0.0000
1786391955.391574,/costmap_app/stop_active,True
1786391955.417625,/cmd_vel,0.0000
1786391955.460035,/costmap_app/obstacle_detected,True
1786391955.465382,/cmd_vel,0.0000
1786391955.492746,/cmd_vel_unsafe,0.0000
1786391955.492768,/costmap_app/stop_active,True
1786391955.509842,monitor_status,OBSTACLE|lethal_cells_in_window|FUSION_ACTIVE|depth_age=0.026
1786391955.514827,/cmd_vel,0.0000
1786391955.564943,/cmd_vel,0.0000
1786391955.588996,/cmd_vel_unsafe,0.0000
1786391955.589526,/costmap_app/stop_active,True
1786391955.615119,/cmd_vel,0.0000
1786391955.666077,/cmd_vel,0.0000
1786391955.691633,/cmd_vel_unsafe,0.0000
1786391955.691655,/costmap_app/stop_active,True
1786391955.710838,/costmap_app/obstacle_detected,True
1786391955.714972,monitor_status,OBSTACLE|lethal_cells_in_window|FUSION_ACTIVE|depth_age=0.054
1786391955.716581,/cmd_vel,0.0000
1786391955.762621,/costmap_app/obstacle_detected,True
1786391955.765457,/cmd_vel,0.0000
1786391955.789398,/cmd_vel_unsafe,0.0000
1786391955.789421,/costmap_app/stop_active,True
1786391955.815996,/cmd_vel,0.0000
1786391955.864171,/cmd_vel,0.0000
1786391955.894567,/cmd_vel_unsafe,0.0000
1786391955.894591,/costmap_app/stop_active,True
1786391955.908270,monitor_status,OBSTACLE|lethal_cells_in_window|FUSION_ACTIVE|depth_age=0.059
1786391955.915998,/cmd_vel,0.0000
1786391955.958922,/costmap_app/obstacle_detected,True
1786391955.964183,/cmd_vel,0.0000
1786391955.987914,/cmd_vel_unsafe,0.0000
1786391955.988146,/costmap_app/stop_active,True
1786391956.014142,/cmd_vel,0.0000
1786391956.064443,/cmd_vel,0.0000
1786391956.092697,/cmd_vel_unsafe,0.0000
1786391956.092717,/costmap_app/stop_active,True
1786391956.108106,monitor_status,OBSTACLE|lethal_cells_in_window|FUSION_ACTIVE|depth_age=0.054
1786391956.117408,/cmd_vel,0.0000
1786391956.162916,/costmap_app/obstacle_detected,True
1786391956.166137,/cmd_vel,0.0000
1786391956.193348,/cmd_vel_unsafe,0.0000
1786391956.193367,/costmap_app/stop_active,True
1786391956.214522,/cmd_vel,0.0000
1786391956.259113,/costmap_app/obstacle_detected,True
1786391956.265734,/cmd_vel,0.0000
1786391956.291259,/cmd_vel_unsafe,0.0000
1786391956.291337,/costmap_app/stop_active,True
1786391956.307675,monitor_status,OBSTACLE|lethal_cells_in_window|FUSION_ACTIVE|depth_age=0.055
1786391956.317637,/cmd_vel,0.0000
1786391956.364304,/cmd_vel,0.0000
1786391956.388393,/cmd_vel_unsafe,0.0000
1786391956.388566,/costmap_app/stop_active,True
1786391956.414289,/cmd_vel,0.0000
1786391956.464876,/cmd_vel,0.0000
1786391956.488312,/cmd_vel_unsafe,0.0000
1786391956.488331,/costmap_app/stop_active,True
1786391956.510861,/costmap_app/obstacle_detected,True
1786391956.511630,monitor_status,OBSTACLE|lethal_cells_in_window|FUSION_ACTIVE|depth_age=0.053
1786391956.514243,/cmd_vel,0.0000
1786391956.564446,/cmd_vel,0.0000
1786391956.591189,/cmd_vel_unsafe,0.0000
1786391956.591237,/costmap_app/stop_active,True
1786391956.608650,/costmap_app/obstacle_detected,True
1786391956.614177,/cmd_vel,0.0000
1786391956.664770,/cmd_vel,0.0000
1786391956.687762,/cmd_vel_unsafe,0.0000
1786391956.687779,/costmap_app/stop_active,True
1786391956.707533,monitor_status,OBSTACLE|lethal_cells_in_window|FUSION_ACTIVE|depth_age=0.047
1786391956.714607,/cmd_vel,0.0000
1786391956.758647,/costmap_app/obstacle_detected,True
1786391956.764496,/cmd_vel,0.0000
1786391956.789496,/cmd_vel_unsafe,0.0000
1786391956.789525,/costmap_app/stop_active,True
1786391956.814206,/cmd_vel,0.0000
1786391956.869508,/cmd_vel,0.0000
1786391956.887762,/cmd_vel_unsafe,0.0000
1786391956.887837,/costmap_app/stop_active,True
1786391956.908274,monitor_status,OBSTACLE|lethal_cells_in_window|FUSION_ACTIVE|depth_age=0.043
1786391956.914355,/cmd_vel,0.0000
1786391956.958409,/costmap_app/obstacle_detected,True
1786391956.965879,/cmd_vel,0.0000
1786391956.989172,/cmd_vel_unsafe,0.0000
1786391956.989190,/costmap_app/stop_active,True
1786391957.014458,/cmd_vel,0.0000
1786391957.061293,/costmap_app/obstacle_detected,True
1786391957.066234,/cmd_vel,0.0000
1786391957.087756,/cmd_vel_unsafe,0.0000
1786391957.087833,/costmap_app/stop_active,True
1786391957.109687,monitor_status,OBSTACLE|lethal_cells_in_window|FUSION_ACTIVE|depth_age=0.042
1786391957.114648,/cmd_vel,0.0000
1786391957.165537,/cmd_vel,0.0000
1786391957.188400,/cmd_vel_unsafe,0.0000
1786391957.188420,/costmap_app/stop_active,True
1786391957.214204,/cmd_vel,0.0000
1786391957.261662,/costmap_app/obstacle_detected,True
1786391957.266191,/cmd_vel,0.0000
1786391957.287805,/cmd_vel_unsafe,0.0000
1786391957.288048,/costmap_app/stop_active,True
1786391957.310968,monitor_status,OBSTACLE|lethal_cells_in_window|FUSION_ACTIVE|depth_age=0.044
1786391957.316064,/cmd_vel,0.0000
1786391957.359583,/costmap_app/obstacle_detected,True
1786391957.364162,/cmd_vel,0.0000
1786391957.388712,/cmd_vel_unsafe,0.0000
1786391957.388914,/costmap_app/stop_active,True
1786391957.416236,/cmd_vel,0.0000
1786391957.464831,/cmd_vel,0.0000
1786391957.487906,/cmd_vel_unsafe,0.0000
1786391957.487975,/costmap_app/stop_active,True
1786391957.507499,monitor_status,OBSTACLE|lethal_cells_in_window|FUSION_ACTIVE|depth_age=0.034
1786391957.515018,/cmd_vel,0.0000
1786391957.564231,/cmd_vel,0.0000
1786391957.588386,/cmd_vel_unsafe,0.0000
1786391957.588407,/costmap_app/stop_active,True
1786391957.615015,/costmap_app/obstacle_detected,True
1786391957.616860,/cmd_vel,0.0000
1786391957.664251,/cmd_vel,0.0000
1786391957.688699,/cmd_vel_unsafe,0.0000
1786391957.689363,/costmap_app/stop_active,True
1786391957.707544,monitor_status,OBSTACLE|lethal_cells_in_window|FUSION_ACTIVE|depth_age=0.034
1786391957.718426,/cmd_vel,0.0000
1786391957.758396,/costmap_app/obstacle_detected,True
1786391957.764225,/cmd_vel,0.0000
1786391957.793216,/cmd_vel_unsafe,0.0000
1786391957.793237,/costmap_app/stop_active,True
1786391957.817883,/cmd_vel,0.0000
1786391957.864306,/cmd_vel,0.0000
1786391957.892325,/cmd_vel_unsafe,0.0000
1786391957.892349,/costmap_app/stop_active,True
1786391957.907979,monitor_status,OBSTACLE|lethal_cells_in_window|FUSION_ACTIVE|depth_age=0.024
1786391957.914474,/cmd_vel,0.0000
1786391957.964496,/cmd_vel,0.0000
1786391957.989359,/cmd_vel_unsafe,0.0000
1786391957.990366,/costmap_app/stop_active,True
1786391958.008887,/costmap_app/obstacle_detected,True
1786391958.015053,/cmd_vel,0.0000
1786391958.070735,/cmd_vel,0.0000
1786391958.090116,/cmd_vel_unsafe,0.0000
1786391958.090155,/costmap_app/stop_active,True
1786391958.108656,/costmap_app/obstacle_detected,True
1786391958.110697,monitor_status,OBSTACLE|lethal_cells_in_window|FUSION_ACTIVE|depth_age=0.018
1786391958.114250,/cmd_vel,0.0000
1786391958.168267,/cmd_vel,0.0000
1786391958.190748,/cmd_vel_unsafe,0.0000
1786391958.190768,/costmap_app/stop_active,True
1786391958.214836,/cmd_vel,0.0000
1786391958.262688,/costmap_app/obstacle_detected,True
1786391958.266524,/cmd_vel,0.0000
1786391958.291199,/cmd_vel_unsafe,0.0000
1786391958.291273,/costmap_app/stop_active,True
1786391958.308995,monitor_status,OBSTACLE|lethal_cells_in_window|FUSION_ACTIVE|depth_age=0.007
1786391958.314221,/cmd_vel,0.0000
1786391958.364568,/costmap_app/obstacle_detected,True
1786391958.365121,/cmd_vel,0.0000
1786391958.387743,/cmd_vel_unsafe,0.0000
1786391958.387817,/costmap_app/stop_active,True
1786391958.414297,/cmd_vel,0.0000
1786391958.464485,/cmd_vel,0.0000
1786391958.491758,/cmd_vel_unsafe,0.0000
1786391958.491811,/costmap_app/stop_active,True
1786391958.508515,/costmap_app/obstacle_detected,True
1786391958.509716,monitor_status,OBSTACLE|lethal_cells_in_window|FUSION_ACTIVE|depth_age=0.014
1786391958.514224,/cmd_vel,0.0000
1786391958.562368,/costmap_app/obstacle_detected,True
1786391958.564532,/cmd_vel,0.0000
1786391958.587948,/cmd_vel_unsafe,0.0000
1786391958.588251,/costmap_app/stop_active,True
1786391958.618039,/cmd_vel,0.0000
1786391958.667080,/cmd_vel,0.0000
1786391958.692077,/cmd_vel_unsafe,0.0000
1786391958.692097,/costmap_app/stop_active,True
1786391958.708038,monitor_status,OBSTACLE|lethal_cells_in_window|FUSION_ACTIVE|depth_age=0.008
1786391958.715860,/cmd_vel,0.0000
1786391958.761139,/costmap_app/obstacle_detected,True
1786391958.764768,/cmd_vel,0.0000
1786391958.787816,/cmd_vel_unsafe,0.0000
1786391958.787836,/costmap_app/stop_active,True
1786391958.814793,/cmd_vel,0.0000
1786391958.858171,/costmap_app/obstacle_detected,True
1786391958.864775,/cmd_vel,0.0000
1786391958.890572,/cmd_vel_unsafe,0.0000
1786391958.890595,/costmap_app/stop_active,True
1786391958.908376,monitor_status,OBSTACLE|lethal_cells_in_window|FUSION_ACTIVE|depth_age=0.007
1786391958.914239,/cmd_vel,0.0000
1786391958.966032,/cmd_vel,0.0000
1786391958.990022,/cmd_vel_unsafe,0.0000
1786391958.990041,/costmap_app/stop_active,True
1786391959.018844,/cmd_vel,0.0000
1786391959.058542,/costmap_app/obstacle_detected,True
1786391959.064550,/cmd_vel,0.0000
1786391959.089455,/cmd_vel_unsafe,0.0000
1786391959.089475,/costmap_app/stop_active,True
1786391959.109745,monitor_status,OBSTACLE|lethal_cells_in_window|FUSION_ACTIVE|depth_age=0.007
1786391959.114279,/cmd_vel,0.0000
1786391959.165429,/cmd_vel,0.0000
1786391959.192140,/cmd_vel_unsafe,0.0000
1786391959.192161,/costmap_app/stop_active,True
1786391959.215098,/cmd_vel,0.0000
1786391959.258391,/costmap_app/obstacle_detected,True
1786391959.264579,/cmd_vel,0.0000
1786391959.288927,/cmd_vel_unsafe,0.0000
1786391959.288948,/costmap_app/stop_active,True
1786391959.312636,monitor_status,OBSTACLE|lethal_cells_in_window|FUSION_ACTIVE|depth_age=0.003
1786391959.315489,/cmd_vel,0.0000
1786391959.365310,/cmd_vel,0.0000
1786391959.388642,/cmd_vel_unsafe,0.0000
1786391959.388659,/costmap_app/stop_active,True
1786391959.414457,/cmd_vel,0.0000
1786391959.459085,/costmap_app/obstacle_detected,True
1786391959.464311,/cmd_vel,0.0000
1786391959.489870,/cmd_vel_unsafe,0.0000
1786391959.489893,/costmap_app/stop_active,True
1786391959.514050,monitor_status,OBSTACLE|lethal_cells_in_window|FUSION_ACTIVE|depth_age=0.066
1786391959.516152,/cmd_vel,0.0000
1786391959.564459,/cmd_vel,0.0000
1786391959.589573,/cmd_vel_unsafe,0.0000
1786391959.589595,/costmap_app/stop_active,True
1786391959.614672,/cmd_vel,0.0000
1786391959.660857,/costmap_app/obstacle_detected,True
1786391959.664204,/cmd_vel,0.0000
1786391959.689351,/cmd_vel_unsafe,0.0000
1786391959.689375,/costmap_app/stop_active,True
1786391959.707781,monitor_status,OBSTACLE|lethal_cells_in_window|FUSION_ACTIVE|depth_age=0.060
1786391959.716919,/cmd_vel,0.0000
1786391959.764359,/cmd_vel,0.0000
1786391959.787839,/cmd_vel_unsafe,0.0000
1786391959.787859,/costmap_app/stop_active,True
1786391959.814211,/cmd_vel,0.0000
1786391959.859347,/costmap_app/obstacle_detected,True
1786391959.864261,/cmd_vel,0.0000
1786391959.887778,/cmd_vel_unsafe,0.0000
1786391959.887962,/costmap_app/stop_active,True
1786391959.909483,monitor_status,OBSTACLE|lethal_cells_in_window|FUSION_ACTIVE|depth_age=0.058
1786391959.914923,/cmd_vel,0.0000
1786391959.965344,/cmd_vel,0.0000
1786391959.989630,/cmd_vel_unsafe,0.0000
1786391959.990585,/costmap_app/stop_active,True
1786391960.014744,/cmd_vel,0.0000
1786391960.061941,/costmap_app/obstacle_detected,True
1786391960.064563,/cmd_vel,0.0000
1786391960.087835,/cmd_vel_unsafe,0.0000
1786391960.088687,/costmap_app/stop_active,True
1786391960.107588,monitor_status,OBSTACLE|lethal_cells_in_window|FUSION_ACTIVE|depth_age=0.053
1786391960.115367,/cmd_vel,0.0000
1786391960.161553,/costmap_app/obstacle_detected,True
1786391960.164870,/cmd_vel,0.0000
1786391960.190844,/cmd_vel_unsafe,0.0000
1786391960.190866,/costmap_app/stop_active,True
1786391960.214212,/cmd_vel,0.0000
1786391960.270152,/cmd_vel,0.0000
1786391960.289567,/cmd_vel_unsafe,0.0000
1786391960.289586,/costmap_app/stop_active,True
1786391960.307522,monitor_status,OBSTACLE|lethal_cells_in_window|FUSION_ACTIVE|depth_age=0.042
1786391960.314670,/cmd_vel,0.0000
1786391960.362683,/costmap_app/obstacle_detected,True
1786391960.364772,/cmd_vel,0.0000
1786391960.388207,/cmd_vel_unsafe,0.0000
1786391960.388225,/costmap_app/stop_active,True
1786391960.415704,/cmd_vel,0.0000
1786391960.458147,/costmap_app/obstacle_detected,True
1786391960.465066,/cmd_vel,0.0000
1786391960.490547,/cmd_vel_unsafe,0.0000
1786391960.493767,/costmap_app/stop_active,True
1786391960.507574,monitor_status,OBSTACLE|lethal_cells_in_window|FUSION_ACTIVE|depth_age=0.019
1786391960.515045,/cmd_vel,0.0000
1786391960.565046,/cmd_vel,0.0000
1786391960.588419,/cmd_vel_unsafe,0.0000
1786391960.588440,/costmap_app/stop_active,True
1786391960.614582,/cmd_vel,0.0000
1786391960.658240,/costmap_app/obstacle_detected,True
1786391960.665570,/cmd_vel,0.0000
1786391960.689381,/cmd_vel_unsafe,0.0000
1786391960.689396,/costmap_app/stop_active,True
1786391960.710069,monitor_status,OBSTACLE|lethal_cells_in_window|FUSION_ACTIVE|depth_age=0.017
1786391960.714210,/cmd_vel,0.0000
1786391960.761897,/costmap_app/obstacle_detected,True
1786391960.764245,/cmd_vel,0.0000
1786391960.787926,/cmd_vel_unsafe,0.0000
1786391960.787948,/costmap_app/stop_active,True
1786391960.814831,/cmd_vel,0.0000
1786391960.867873,/cmd_vel,0.0000
1786391960.890021,/cmd_vel_unsafe,0.0000
1786391960.890047,/costmap_app/stop_active,True
1786391960.907991,monitor_status,OBSTACLE|lethal_cells_in_window|FUSION_ACTIVE|depth_age=0.017
1786391960.918068,/cmd_vel,0.0000
1786391960.965705,/cmd_vel,0.0000
1786391960.989814,/cmd_vel_unsafe,0.0000
1786391960.989839,/costmap_app/stop_active,True
1786391961.011329,/costmap_app/obstacle_detected,True
1786391961.015486,/cmd_vel,0.0000
1786391961.058984,/costmap_app/obstacle_detected,True
1786391961.069039,/cmd_vel,0.0000
1786391961.092238,/cmd_vel_unsafe,0.0000
1786391961.092720,/costmap_app/stop_active,True
1786391961.107663,monitor_status,OBSTACLE|lethal_cells_in_window|FUSION_ACTIVE|depth_age=0.016
1786391961.116014,/cmd_vel,0.0000
1786391961.165446,/cmd_vel,0.0000
1786391961.190276,/cmd_vel_unsafe,0.0000
1786391961.190304,/costmap_app/stop_active,True
1786391961.210690,/costmap_app/obstacle_detected,True
1786391961.214268,/cmd_vel,0.0000
1786391961.264521,/cmd_vel,0.0000
1786391961.288659,/cmd_vel_unsafe,0.0000
1786391961.288689,/costmap_app/stop_active,True
1786391961.307554,monitor_status,OBSTACLE|lethal_cells_in_window|FUSION_ACTIVE|depth_age=0.013
1786391961.315891,/cmd_vel,0.0000
1786391961.361575,/costmap_app/obstacle_detected,True
1786391961.366205,/cmd_vel,0.0000
1786391961.388369,/cmd_vel_unsafe,0.0000
1786391961.389597,/costmap_app/stop_active,True
1786391961.415773,/cmd_vel,0.0000
1786391961.460177,/costmap_app/obstacle_detected,True
1786391961.468654,/cmd_vel,0.0000
1786391961.488572,/cmd_vel_unsafe,0.0000
1786391961.489178,/costmap_app/stop_active,True
1786391961.510321,monitor_status,OBSTACLE|lethal_cells_in_window|FUSION_ACTIVE|depth_age=0.007
1786391961.515848,/cmd_vel,0.0000
1786391961.561610,/costmap_app/obstacle_detected,True
1786391961.566975,/cmd_vel,0.0000
1786391961.589123,/cmd_vel_unsafe,0.0000
1786391961.589312,/costmap_app/stop_active,True
1786391961.615877,/cmd_vel,0.0000
1786391961.664637,/cmd_vel,0.0000
1786391961.688474,/cmd_vel_unsafe,0.0000
1786391961.688502,/costmap_app/stop_active,True
1786391961.710363,monitor_status,OBSTACLE|lethal_cells_in_window|FUSION_ACTIVE|depth_age=0.001
1786391961.716546,/cmd_vel,0.0000
1786391961.765013,/cmd_vel,0.0000
1786391961.787851,/cmd_vel_unsafe,0.0000
1786391961.787870,/costmap_app/stop_active,True
1786391961.810753,/costmap_app/obstacle_detected,True
1786391961.815135,/cmd_vel,0.0000
1786391961.866300,/cmd_vel,0.0000
1786391961.889607,/cmd_vel_unsafe,0.0000
1786391961.889632,/costmap_app/stop_active,True
1786391961.911025,monitor_status,OBSTACLE|lethal_cells_in_window|FUSION_ACTIVE|depth_age=0.005
1786391961.914317,/cmd_vel,0.0000
1786391961.967787,/cmd_vel,0.0000
1786391961.989100,/cmd_vel_unsafe,0.0000
1786391961.989457,/costmap_app/stop_active,True
1786391962.013769,/costmap_app/obstacle_detected,True
1786391962.015201,/cmd_vel,0.0000
1786391962.060649,/costmap_app/obstacle_detected,True
1786391962.064249,/cmd_vel,0.0000
1786391962.088969,/cmd_vel_unsafe,0.0000
1786391962.094006,/costmap_app/stop_active,True
1786391962.109712,monitor_status,OBSTACLE|lethal_cells_in_window|FUSION_ACTIVE|depth_age=0.003
1786391962.115920,/cmd_vel,0.0000
1786391962.163994,/costmap_app/obstacle_detected,True
1786391962.168136,/cmd_vel,0.0000
1786391962.188264,/cmd_vel_unsafe,0.0000
1786391962.188663,/costmap_app/stop_active,True
1786391962.214988,/cmd_vel,0.0000
1786391962.258624,/costmap_app/obstacle_detected,True
1786391962.264212,/cmd_vel,0.0000
1786391962.288492,/cmd_vel_unsafe,0.0000
1786391962.290097,/costmap_app/stop_active,True
1786391962.308772,monitor_status,OBSTACLE|lethal_cells_in_window|FUSION_ACTIVE|depth_age=0.070
1786391962.314685,/cmd_vel,0.0000
1786391962.364619,/cmd_vel,0.0000
1786391962.395901,/cmd_vel_unsafe,0.0000
1786391962.397547,/costmap_app/stop_active,True
1786391962.414733,/cmd_vel,0.0000
1786391962.460507,/costmap_app/obstacle_detected,True
1786391962.465055,/cmd_vel,0.0000
1786391962.489033,/cmd_vel_unsafe,0.0000
1786391962.489054,/costmap_app/stop_active,True
1786391962.509796,monitor_status,OBSTACLE|lethal_cells_in_window|FUSION_ACTIVE|depth_age=0.045
1786391962.515098,/cmd_vel,0.0000
1786391962.566926,/cmd_vel,0.0000
1786391962.594542,/cmd_vel_unsafe,0.0000
1786391962.594907,/costmap_app/stop_active,True
1786391962.616523,/cmd_vel,0.0000
1786391962.664484,/costmap_app/obstacle_detected,True
1786391962.666008,/cmd_vel,0.0000
1786391962.691544,/cmd_vel_unsafe,0.0000
1786391962.691566,/costmap_app/stop_active,True
1786391962.708806,monitor_status,OBSTACLE|lethal_cells_in_window|FUSION_ACTIVE|depth_age=0.059
1786391962.714469,/cmd_vel,0.0000
1786391962.764770,/cmd_vel,0.0000
1786391962.789415,/cmd_vel_unsafe,0.0000
1786391962.791721,/costmap_app/stop_active,True
1786391962.819903,/cmd_vel,0.0000
1786391962.861838,/costmap_app/obstacle_detected,True
1786391962.864654,/cmd_vel,0.0000
1786391962.888300,/cmd_vel_unsafe,0.0000
1786391962.888637,/costmap_app/stop_active,True
1786391962.912018,monitor_status,OBSTACLE|lethal_cells_in_window|FUSION_ACTIVE|depth_age=0.059
1786391962.914700,/cmd_vel,0.0000
1786391962.967495,/cmd_vel,0.0000
1786391962.991526,/cmd_vel_unsafe,0.0000
1786391962.991827,/costmap_app/stop_active,True
1786391963.017302,/cmd_vel,0.0000
1786391963.065866,/cmd_vel,0.0000
1786391963.089360,/cmd_vel_unsafe,0.0000
1786391963.089611,/costmap_app/stop_active,True
1786391963.111435,/costmap_app/obstacle_detected,True
1786391963.113933,monitor_status,OBSTACLE|lethal_cells_in_window|FUSION_ACTIVE|depth_age=0.061
1786391963.114942,/cmd_vel,0.0000
1786391963.168476,/cmd_vel,0.0000
1786391963.189574,/cmd_vel_unsafe,0.0000
1786391963.189902,/costmap_app/stop_active,True
1786391963.217942,/cmd_vel,0.0000
1786391963.261695,/costmap_app/obstacle_detected,True
1786391963.266198,/cmd_vel,0.0000
1786391963.290872,/cmd_vel_unsafe,0.0000
1786391963.290887,/costmap_app/stop_active,True
1786391963.308514,monitor_status,OBSTACLE|lethal_cells_in_window|FUSION_ACTIVE|depth_age=0.003
1786391963.314926,/cmd_vel,0.0000
1786391963.369454,/cmd_vel,0.0000
1786391963.389872,/cmd_vel_unsafe,0.0000
1786391963.390047,/costmap_app/stop_active,True
1786391963.415010,/cmd_vel,0.0000
1786391963.458515,/costmap_app/obstacle_detected,True
1786391963.464203,/cmd_vel,0.0000
1786391963.488758,/cmd_vel_unsafe,0.0000
1786391963.491897,/costmap_app/stop_active,True
1786391963.511816,monitor_status,OBSTACLE|lethal_cells_in_window|FUSION_ACTIVE|depth_age=0.015
1786391963.514403,/cmd_vel,0.0000
1786391963.565931,/cmd_vel,0.0000
1786391963.592138,/cmd_vel_unsafe,0.0000
1786391963.592161,/costmap_app/stop_active,True
1786391963.614793,/cmd_vel,0.0000
1786391963.666284,/cmd_vel,0.0000
1786391963.689220,/cmd_vel_unsafe,0.0000
1786391963.689241,/costmap_app/stop_active,True
1786391963.708642,/costmap_app/obstacle_detected,True
1786391963.709203,monitor_status,OBSTACLE|lethal_cells_in_window|FUSION_ACTIVE|depth_age=0.046
1786391963.714859,/cmd_vel,0.0000
1786391963.764271,/cmd_vel,0.0000
1786391963.788196,/cmd_vel_unsafe,0.0000
1786391963.788678,/costmap_app/stop_active,True
1786391963.814225,/cmd_vel,0.0000
1786391963.861672,/costmap_app/obstacle_detected,True
1786391963.864249,/cmd_vel,0.0000
1786391963.888023,/cmd_vel_unsafe,0.0000
1786391963.888039,/costmap_app/stop_active,True
1786391963.909067,monitor_status,OBSTACLE|lethal_cells_in_window|FUSION_ACTIVE|depth_age=0.039
1786391963.917618,/cmd_vel,0.0000
1786391963.958218,/costmap_app/obstacle_detected,True
1786391963.965121,/cmd_vel,0.0000
1786391963.990468,/cmd_vel_unsafe,0.0000
1786391963.990491,/costmap_app/stop_active,True
1786391964.014393,/cmd_vel,0.0000
1786391964.066298,/cmd_vel,0.0000
1786391964.087780,/cmd_vel_unsafe,0.0000
1786391964.087822,/costmap_app/stop_active,True
1786391964.110260,monitor_status,OBSTACLE|lethal_cells_in_window|FUSION_ACTIVE|depth_age=0.039
1786391964.114836,/cmd_vel,0.0000
1786391964.158229,/costmap_app/obstacle_detected,True
1786391964.164515,/cmd_vel,0.0000
1786391964.191675,/cmd_vel_unsafe,0.0000
1786391964.191700,/costmap_app/stop_active,True
1786391964.214175,/cmd_vel,0.0000
1786391964.266334,/cmd_vel,0.0000
1786391964.288718,/cmd_vel_unsafe,0.0000
1786391964.290793,/costmap_app/stop_active,True
1786391964.309138,monitor_status,OBSTACLE|lethal_cells_in_window|FUSION_ACTIVE|depth_age=0.042
1786391964.315512,/cmd_vel,0.0000
1786391964.359904,/costmap_app/obstacle_detected,True
1786391964.364924,/cmd_vel,0.0000
1786391964.389788,/cmd_vel_unsafe,0.0000
1786391964.389810,/costmap_app/stop_active,True
1786391964.414917,/cmd_vel,0.0000
1786391964.465266,/cmd_vel,0.0000
1786391964.490076,/cmd_vel_unsafe,0.0000
1786391964.490347,/costmap_app/stop_active,True
1786391964.507995,monitor_status,OBSTACLE|lethal_cells_in_window|FUSION_ACTIVE|depth_age=0.035
1786391964.514488,/cmd_vel,0.0000
1786391964.559728,/costmap_app/obstacle_detected,True
1786391964.564192,/cmd_vel,0.0000
1786391964.590175,/cmd_vel_unsafe,0.0000
1786391964.590197,/costmap_app/stop_active,True
1786391964.614301,/cmd_vel,0.0000
1786391964.664223,/cmd_vel,0.0000
1786391964.687832,/cmd_vel_unsafe,0.0000
1786391964.688031,/costmap_app/stop_active,True
1786391964.707944,monitor_status,OBSTACLE|lethal_cells_in_window|FUSION_ACTIVE|depth_age=0.031
1786391964.715015,/cmd_vel,0.0000
1786391964.759466,/costmap_app/obstacle_detected,True
1786391964.764163,/cmd_vel,0.0000
1786391964.787958,/cmd_vel_unsafe,0.0000
1786391964.788030,/costmap_app/stop_active,True
1786391964.815386,/cmd_vel,0.0000
1786391964.864172,/cmd_vel,0.0000
1786391964.889234,/cmd_vel_unsafe,0.0000
1786391964.889253,/costmap_app/stop_active,True
1786391964.907774,monitor_status,OBSTACLE|lethal_cells_in_window|FUSION_ACTIVE|depth_age=0.024
1786391964.914175,/cmd_vel,0.0000
1786391964.963267,/costmap_app/obstacle_detected,True
1786391964.964120,/cmd_vel,0.0000
1786391964.988650,/cmd_vel_unsafe,0.0000
1786391964.988684,/costmap_app/stop_active,True
1786391965.016647,/cmd_vel,0.0000
1786391965.064557,/cmd_vel,0.0000
1786391965.089505,/cmd_vel_unsafe,0.0000
1786391965.089530,/costmap_app/stop_active,True
1786391965.107470,monitor_status,OBSTACLE|lethal_cells_in_window|FUSION_ACTIVE|depth_age=0.023
1786391965.114189,/cmd_vel,0.0000
1786391965.164524,/cmd_vel,0.0000
1786391965.189574,/cmd_vel_unsafe,0.0000
1786391965.189747,/costmap_app/stop_active,True
1786391965.213451,/costmap_app/obstacle_detected,True
1786391965.214172,/cmd_vel,0.0000
1786391965.265147,/cmd_vel,0.0000
1786391965.290195,/cmd_vel_unsafe,0.0000
1786391965.290226,/costmap_app/stop_active,True
1786391965.308478,monitor_status,OBSTACLE|lethal_cells_in_window|FUSION_ACTIVE|depth_age=0.027
1786391965.315562,/cmd_vel,0.0000
1786391965.365123,/cmd_vel,0.0000
1786391965.388826,/cmd_vel_unsafe,0.0000
1786391965.389018,/costmap_app/stop_active,True
1786391965.409500,/costmap_app/obstacle_detected,True
1786391965.415269,/cmd_vel,0.0000
1786391965.461318,/costmap_app/obstacle_detected,True
1786391965.465025,/cmd_vel,0.0000
1786391965.490693,/cmd_vel_unsafe,0.0000
1786391965.490713,/costmap_app/stop_active,True
1786391965.510316,monitor_status,OBSTACLE|lethal_cells_in_window|FUSION_ACTIVE|depth_age=0.012
1786391965.514229,/cmd_vel,0.0000
1786391965.561872,/costmap_app/obstacle_detected,True
1786391965.565835,/cmd_vel,0.0000
1786391965.588794,/cmd_vel_unsafe,0.0000
1786391965.588993,/costmap_app/stop_active,True
1786391965.615342,/cmd_vel,0.0000
1786391965.664289,/cmd_vel,0.0000
1786391965.689009,/cmd_vel_unsafe,0.0000
1786391965.692496,/costmap_app/stop_active,True
1786391965.707484,monitor_status,OBSTACLE|lethal_cells_in_window|FUSION_ACTIVE|depth_age=0.006
1786391965.718053,/cmd_vel,0.0000
1786391965.758452,/costmap_app/obstacle_detected,True
1786391965.767637,/cmd_vel,0.0000
1786391965.788105,/cmd_vel_unsafe,0.0000
1786391965.788126,/costmap_app/stop_active,True
1786391965.814262,/cmd_vel,0.0000
1786391965.858538,/costmap_app/obstacle_detected,True
1786391965.864307,/cmd_vel,0.0000
1786391965.888315,/cmd_vel_unsafe,0.0000
1786391965.888335,/costmap_app/stop_active,True
1786391965.908391,monitor_status,OBSTACLE|lethal_cells_in_window|FUSION_ACTIVE|depth_age=0.007
1786391965.914389,/cmd_vel,0.0000
1786391965.965221,/cmd_vel,0.0000
1786391965.988276,/cmd_vel_unsafe,0.0000
1786391965.988539,/costmap_app/stop_active,True
1786391966.014305,/cmd_vel,0.0000
1786391966.058183,/costmap_app/obstacle_detected,True
1786391966.064425,/cmd_vel,0.0000
1786391966.092409,/cmd_vel_unsafe,0.0000
1786391966.092432,/costmap_app/stop_active,True
1786391966.115489,/cmd_vel,0.0000
1786391966.115513,monitor_status,OBSTACLE|lethal_cells_in_window|FUSION_ACTIVE|depth_age=0.072
1786391966.166471,/cmd_vel,0.0000
1786391966.190906,/cmd_vel_unsafe,0.0000
1786391966.190932,/costmap_app/stop_active,True
1786391966.216057,/cmd_vel,0.0000
1786391966.258138,/costmap_app/obstacle_detected,True
1786391966.264324,/cmd_vel,0.0000
1786391966.288560,/cmd_vel_unsafe,0.0000
1786391966.288582,/costmap_app/stop_active,True
1786391966.311658,monitor_status,OBSTACLE|lethal_cells_in_window|FUSION_ACTIVE|depth_age=0.005
1786391966.314261,/cmd_vel,0.0000
1786391966.364343,/cmd_vel,0.0000
1786391966.389158,/cmd_vel_unsafe,0.0000
1786391966.389181,/costmap_app/stop_active,True
1786391966.424881,/cmd_vel,0.0000
1786391966.468251,/cmd_vel,0.0000
1786391966.492436,/cmd_vel_unsafe,0.0000
1786391966.492458,/costmap_app/stop_active,True
1786391966.513742,/costmap_app/obstacle_detected,True
1786391966.515441,/cmd_vel,0.0000
1786391966.518942,monitor_status,OBSTACLE|lethal_cells_in_window|FUSION_ACTIVE|depth_age=0.056
1786391966.558466,/costmap_app/obstacle_detected,True
1786391966.568691,/cmd_vel,0.0000
1786391966.588092,/cmd_vel_unsafe,0.0000
1786391966.588111,/costmap_app/stop_active,True
1786391966.615121,/cmd_vel,0.0000
1786391966.664970,/cmd_vel,0.0000
1786391966.690186,/cmd_vel_unsafe,0.0000
1786391966.690207,/costmap_app/stop_active,True
1786391966.707529,monitor_status,OBSTACLE|lethal_cells_in_window|FUSION_ACTIVE|depth_age=0.056
1786391966.714201,/cmd_vel,0.0000
1786391966.758142,/costmap_app/obstacle_detected,True
1786391966.765694,/cmd_vel,0.0000
1786391966.789147,/cmd_vel_unsafe,0.0000
1786391966.789169,/costmap_app/stop_active,True
1786391966.814155,/cmd_vel,0.0000
1786391966.866277,/cmd_vel,0.0000
1786391966.888952,/cmd_vel_unsafe,0.0000
1786391966.888976,/costmap_app/stop_active,True
1786391966.908657,monitor_status,OBSTACLE|lethal_cells_in_window|FUSION_ACTIVE|depth_age=0.051
1786391966.914444,/cmd_vel,0.0000
1786391966.961829,/costmap_app/obstacle_detected,True
1786391966.965048,/cmd_vel,0.0000
1786391966.988660,/cmd_vel_unsafe,0.0000
1786391966.990315,/costmap_app/stop_active,True
1786391967.015424,/cmd_vel,0.0000
1786391967.064902,/cmd_vel,0.0000
1786391967.088791,/cmd_vel_unsafe,0.0000
1786391967.088811,/costmap_app/stop_active,True
1786391967.109681,monitor_status,OBSTACLE|lethal_cells_in_window|FUSION_ACTIVE|depth_age=0.049
1786391967.116323,/cmd_vel,0.0000
1786391967.158331,/costmap_app/obstacle_detected,True
1786391967.168171,/cmd_vel,0.0000
1786391967.189767,/cmd_vel_unsafe,0.0000
1786391967.189786,/costmap_app/stop_active,True
1786391967.214561,/cmd_vel,0.0000
1786391967.265096,/cmd_vel,0.0000
1786391967.290262,/cmd_vel_unsafe,0.0000
1786391967.290466,/costmap_app/stop_active,True
1786391967.309849,monitor_status,OBSTACLE|lethal_cells_in_window|FUSION_ACTIVE|depth_age=0.050
1786391967.314637,/cmd_vel,0.0000
1786391967.359119,/costmap_app/obstacle_detected,True
1786391967.367175,/cmd_vel,0.0000
1786391967.388786,/cmd_vel_unsafe,0.0000
1786391967.389120,/costmap_app/stop_active,True
1786391967.414345,/cmd_vel,0.0000
1786391967.464259,/cmd_vel,0.0000
1786391967.487776,/cmd_vel_unsafe,0.0000
1786391967.488024,/costmap_app/stop_active,True
1786391967.508838,monitor_status,OBSTACLE|lethal_cells_in_window|FUSION_ACTIVE|depth_age=0.045
1786391967.517712,/cmd_vel,0.0000
1786391967.558210,/costmap_app/obstacle_detected,True
1786391967.565794,/cmd_vel,0.0000
1786391967.590328,/cmd_vel_unsafe,0.0000
1786391967.590536,/costmap_app/stop_active,True
1786391967.614227,/cmd_vel,0.0000
1786391967.665233,/cmd_vel,0.0000
1786391967.688051,/cmd_vel_unsafe,0.0000
1786391967.688071,/costmap_app/stop_active,True
1786391967.709423,monitor_status,OBSTACLE|lethal_cells_in_window|FUSION_ACTIVE|depth_age=0.036
1786391967.714863,/cmd_vel,0.0000
1786391967.758107,/costmap_app/obstacle_detected,True
1786391967.764589,/cmd_vel,0.0000
1786391967.789228,/cmd_vel_unsafe,0.0000
1786391967.789249,/costmap_app/stop_active,True
1786391967.814593,/cmd_vel,0.0000
1786391967.867590,/cmd_vel,0.0000
1786391967.888999,/cmd_vel_unsafe,0.0000
1786391967.889168,/costmap_app/stop_active,True
1786391967.908228,monitor_status,OBSTACLE|lethal_cells_in_window|FUSION_ACTIVE|depth_age=0.043
1786391967.914685,/cmd_vel,0.0000
1786391967.959062,/costmap_app/obstacle_detected,True
1786391967.964118,/cmd_vel,0.0000
1786391967.990170,/cmd_vel_unsafe,0.0000
1786391967.990191,/costmap_app/stop_active,True
1786391968.014290,/cmd_vel,0.0000
1786391968.065835,/cmd_vel,0.0000
1786391968.088269,/cmd_vel_unsafe,0.0000
1786391968.088286,/costmap_app/stop_active,True
1786391968.108677,/costmap_app/obstacle_detected,True
1786391968.109379,monitor_status,OBSTACLE|lethal_cells_in_window|FUSION_ACTIVE|depth_age=0.037
1786391968.119743,/cmd_vel,0.0000
1786391968.164535,/cmd_vel,0.0000
1786391968.189596,/cmd_vel_unsafe,0.0000
1786391968.189619,/costmap_app/stop_active,True
1786391968.215339,/cmd_vel,0.0000
1786391968.258983,/costmap_app/obstacle_detected,True
1786391968.265117,/cmd_vel,0.0000
1786391968.288914,/cmd_vel_unsafe,0.0000
1786391968.288998,/costmap_app/stop_active,True
1786391968.307449,monitor_status,OBSTACLE|lethal_cells_in_window|FUSION_ACTIVE|depth_age=0.031
1786391968.314728,/cmd_vel,0.0000
1786391968.359795,/costmap_app/obstacle_detected,True
1786391968.364534,/cmd_vel,0.0000
1786391968.390425,/cmd_vel_unsafe,0.0000
1786391968.390447,/costmap_app/stop_active,True
1786391968.416812,/cmd_vel,0.0000
1786391968.469521,/cmd_vel,0.0000
1786391968.489468,/cmd_vel_unsafe,0.0000
1786391968.489487,/costmap_app/stop_active,True
1786391968.508713,monitor_status,OBSTACLE|lethal_cells_in_window|FUSION_ACTIVE|depth_age=0.021
1786391968.515806,/cmd_vel,0.0000
1786391968.564256,/cmd_vel,0.0000
1786391968.587986,/cmd_vel_unsafe,0.0000
1786391968.588073,/costmap_app/stop_active,True
1786391968.608661,/costmap_app/obstacle_detected,True
1786391968.615679,/cmd_vel,0.0000
1786391968.665316,/cmd_vel,0.0000
1786391968.691211,/cmd_vel_unsafe,0.0000
1786391968.691232,/costmap_app/stop_active,True
1786391968.707924,monitor_status,OBSTACLE|lethal_cells_in_window|FUSION_ACTIVE|depth_age=0.002
1786391968.715383,/cmd_vel,0.0000
1786391968.765776,/cmd_vel,0.0000
1786391968.767647,/costmap_app/obstacle_detected,True
1786391968.794540,/cmd_vel_unsafe,0.0000
1786391968.794567,/costmap_app/stop_active,True
1786391968.816114,/cmd_vel,0.0000
1786391968.866672,/cmd_vel,0.0000
1786391968.893157,/cmd_vel_unsafe,0.0000
1786391968.893175,/costmap_app/stop_active,True
1786391968.911267,monitor_status,OBSTACLE|lethal_cells_in_window|FUSION_ACTIVE|depth_age=0.033
